order_id,customer_id,order_date,order_status
O0001,C0903,2023-12-21 14:39:10.761681,Cancelled
O0002,C0666,2023-12-27 14:39:10.761681,Cancelled
O0003,C0463,2023-05-01 14:39:10.761681,Completed
O0004,C0367,2021-12-25 14:39:10.761681,Processing
O0005,C0550,2025-06-09 14:39:10.761681,Cancelled
O0006,C0643,2025-10-21 14:39:10.761681,Processing
O0007,C0870,2022-01-03 14:39:10.761681,Completed
O0008,C0255,2026-01-09 14:39:10.761681,Processing
O0009,C0208,2025-04-06 14:39:10.761681,Processing
O0010,C0450,2025-06-05 14:39:10.761681,Processing
O0011,C0095,2024-08-07 14:39:10.761681,Completed
O0012,C0860,2025-05-11 14:39:10.761681,Completed
O0013,C0839,2025-09-24 14:39:10.761681,Completed
O0014,C0478,2025-06-23 14:39:10.761681,Completed
O0015,C0683,2025-05-07 14:39:10.761681,Processing
O0016,C0762,2024-01-21 14:39:10.761681,Completed
O0017,C0190,2025-07-27 14:39:10.761681,Completed
O0018,C0711,2021-12-26 14:39:10.761681,Completed
O0019,C0484,2023-12-04 14:39:10.761681,Completed
O0020,C0733,2025-02-09 14:39:10.761681,Completed
O0021,C0536,2025-04-17 14:39:10.761681,Processing
O0022,C0756,2025-05-07 14:39:10.761681,Cancelled
O0023,C0423,2025-03-25 14:39:10.761681,Completed
O0024,C0836,2025-01-03 14:39:10.761681,Completed
O0025,C0640,2026-01-20 14:39:10.761681,Completed
O0026,C0605,2026-02-04 14:39:10.761681,Completed
O0027,C0812,2024-04-03 14:39:10.761681,Cancelled
O0028,C0133,2025-02-13 14:39:10.761681,Shipped
O0029,C0055,2024-09-17 14:39:10.761681,Shipped
O0030,C0989,2025-07-16 14:39:10.761681,Shipped
O0031,C0510,2025-02-20 14:39:10.761681,Completed
O0032,C0670,2025-08-22 14:39:10.761681,Processing
O0033,C0541,2026-01-14 14:39:10.761681,Processing
O0034,C0410,2025-10-04 14:39:10.761681,Processing
O0035,C0211,2025-12-05 14:39:10.761681,Completed
O0036,C0666,2023-12-13 14:39:10.761681,Processing
O0037,C0293,2025-12-21 14:39:10.761681,Processing
O0038,C0987,2025-12-23 14:39:10.761681,Processing
O0039,C0734,2024-11-28 14:39:10.761681,Completed
O0040,C0115,2024-01-30 14:39:10.761681,Shipped
O0041,C0949,2025-08-21 14:39:10.761681,Processing
O0042,C0670,2025-10-09 14:39:10.761681,Cancelled
O0043,C0259,2025-06-18 14:39:10.761681,Cancelled
O0044,C0763,2025-10-25 14:39:10.761681,Processing
O0045,C0122,2022-02-24 14:39:10.761681,Completed
O0046,C0299,2025-10-04 14:39:10.761681,Cancelled
O0047,C0775,2025-07-10 14:39:10.761681,Completed
O0048,C0381,2024-10-29 14:39:10.761681,Processing
O0049,C0561,2026-01-21 14:39:10.761681,Completed
O0050,C0889,2025-01-29 14:39:10.761681,Pending
O0051,C0841,2025-08-01 14:39:10.761681,Cancelled
O0052,C0501,2025-03-16 14:39:10.761681,Processing
O0053,C0297,2026-01-16 14:39:10.761681,Cancelled
O0054,C0362,2021-11-19 14:39:10.761681,Processing
O0055,C0589,2023-10-01 14:39:10.761681,Processing
O0056,C0463,2024-06-24 14:39:10.761681,Completed
O0057,C0438,2024-03-29 14:39:10.761681,Completed
O0058,C0127,2026-01-21 14:39:10.761681,Completed
O0059,C0197,2025-11-21 14:39:10.761681,Completed
O0060,C0221,2026-01-16 14:39:10.761681,Pending
O0061,C0995,2025-04-22 14:39:10.761681,Processing
O0062,C0091,2022-09-28 14:39:10.761681,Processing
O0063,C0411,2025-08-16 14:39:10.761681,Completed
O0064,C0008,2025-09-08 14:39:10.761681,Completed
O0065,C0544,2025-11-18 14:39:10.761681,Cancelled
O0066,C0468,2025-03-11 14:39:10.761681,Pending
O0067,C0320,2025-06-27 14:39:10.761681,Completed
O0068,C0394,2025-07-07 14:39:10.761681,Processing
O0069,C0269,2025-05-19 14:39:10.761681,Processing
O0070,C0191,2023-01-18 14:39:10.761681,Completed
O0071,C0861,2025-11-26 14:39:10.761681,Processing
O0072,C0675,2024-09-20 14:39:10.761681,Completed
O0073,C0061,2024-07-09 14:39:10.761681,Shipped
O0074,C0438,2021-10-30 14:39:10.761681,Completed
O0075,C0264,2023-09-14 14:39:10.761681,Completed
O0076,C0797,2021-07-25 14:39:10.761681,Processing
O0077,C0095,2025-01-16 14:39:10.761681,Completed
O0078,C0553,2025-11-22 14:39:10.761681,Shipped
O0079,C0926,2024-01-03 14:39:10.761681,Completed
O0080,C0470,2025-07-30 14:39:10.761681,Completed
O0081,C0661,2025-05-07 14:39:10.761681,Completed
O0082,C0716,2025-01-30 14:39:10.761681,Pending
O0083,C0779,2025-03-08 14:39:10.761681,Cancelled
O0084,C0514,2025-12-06 14:39:10.761681,Completed
O0085,C0690,2025-03-08 14:39:10.761681,Shipped
O0086,C0937,2024-08-14 14:39:10.761681,Shipped
O0087,C0194,2025-03-11 14:39:10.761681,Shipped
O0088,C0482,2024-10-28 14:39:10.761681,Pending
O0089,C0899,2022-12-25 14:39:10.761681,Processing
O0090,C0336,2026-01-12 14:39:10.761681,Pending
O0091,C0435,2024-01-17 14:39:10.761681,Completed
O0092,C0196,2026-01-14 14:39:10.761681,Completed
O0093,C0855,2025-11-27 14:39:10.761681,Completed
O0094,C0249,2024-01-24 14:39:10.761681,Completed
O0095,C0498,2025-03-06 14:39:10.761681,Cancelled
O0096,C0212,2025-09-25 14:39:10.761681,Completed
O0097,C0665,2024-04-03 14:39:10.761681,Completed
O0098,C0670,2025-09-03 14:39:10.761681,Processing
O0099,C0466,2024-06-27 14:39:10.761681,Completed
O0100,C0874,2026-01-18 14:39:10.761681,Completed
O0101,C0651,2025-11-09 14:39:10.761681,Completed
O0102,C0221,2025-06-27 14:39:10.761681,Processing
O0103,C0273,2025-07-12 14:39:10.761681,Completed
O0104,C0154,2025-12-12 14:39:10.761681,Completed
O0105,C0249,2024-09-20 14:39:10.761681,Pending
O0106,C0279,2022-08-19 14:39:10.761681,Cancelled
O0107,C0440,2023-03-26 14:39:10.761681,Cancelled
O0108,C0948,2025-05-29 14:39:10.761681,Processing
O0109,C0816,2025-09-18 14:39:10.761681,Completed
O0110,C0276,2025-11-29 14:39:10.761681,Completed
O0111,C0514,2025-11-13 14:39:10.761681,Completed
O0112,C0088,2024-10-01 14:39:10.761681,Completed
O0113,C0799,2025-06-19 14:39:10.761681,Completed
O0114,C0923,2022-08-04 14:39:10.761681,Completed
O0115,C0642,2025-12-18 14:39:10.761681,Pending
O0116,C0505,2026-02-04 14:39:10.761681,Cancelled
O0117,C0590,2024-08-23 14:39:10.761681,Completed
O0118,C0772,2025-08-02 14:39:10.761681,Shipped
O0119,C0241,2023-10-12 14:39:10.761681,Completed
O0120,C0653,2022-11-16 14:39:10.761681,Completed
O0121,C0740,2024-02-20 14:39:10.761681,Pending
O0122,C0675,2026-01-18 14:39:10.761681,Completed
O0123,C0236,2023-10-11 14:39:10.761681,Completed
O0124,C0128,2024-01-05 14:39:10.761681,Completed
O0125,C0503,2026-02-02 14:39:10.761681,Processing
O0126,C0200,2024-09-30 14:39:10.761681,Shipped
O0127,C0962,2024-11-15 14:39:10.761681,Completed
O0128,C0902,2025-06-13 14:39:10.761681,Processing
O0129,C0543,2024-07-09 14:39:10.761681,Shipped
O0130,C0502,2022-05-05 14:39:10.761681,Cancelled
O0131,C0650,2024-07-07 14:39:10.761681,Processing
O0132,C0492,2025-07-19 14:39:10.761681,Completed
O0133,C0021,2025-12-30 14:39:10.761681,Completed
O0134,C0234,2024-05-04 14:39:10.761681,Pending
O0135,C0714,2024-09-18 14:39:10.761681,Cancelled
O0136,C0791,2025-03-30 14:39:10.761681,Pending
O0137,C0643,2025-09-13 14:39:10.761681,Cancelled
O0138,C0416,2024-12-26 14:39:10.761681,Processing
O0139,C0148,2024-11-24 14:39:10.761681,Processing
O0140,C0970,2025-12-17 14:39:10.761681,Processing
O0141,C0029,2026-01-30 14:39:10.761681,Processing
O0142,C0361,2025-03-17 14:39:10.761681,Processing
O0143,C0308,2022-05-03 14:39:10.761681,Completed
O0144,C0883,2023-09-07 14:39:10.761681,Completed
O0145,C0942,2021-12-12 14:39:10.761681,Pending
O0146,C0162,2023-08-30 14:39:10.761681,Processing
O0147,C0869,2022-10-07 14:39:10.761681,Pending
O0148,C0852,2025-12-31 14:39:10.761681,Shipped
O0149,C0061,2022-02-08 14:39:10.761681,Completed
O0150,C0125,2025-04-04 14:39:10.761681,Completed
O0151,C0456,2024-12-01 14:39:10.761681,Shipped
O0152,C0071,2024-02-15 14:39:10.761681,Completed
O0153,C0838,2026-01-12 14:39:10.761681,Completed
O0154,C0907,2024-07-23 14:39:10.761681,Completed
O0155,C0876,2023-12-10 14:39:10.761681,Completed
O0156,C0466,2024-06-17 14:39:10.761681,Shipped
O0157,C0243,2024-11-28 14:39:10.761681,Completed
O0158,C0490,2026-01-29 14:39:10.761681,Cancelled
O0159,C0761,2025-04-29 14:39:10.761681,Completed
O0160,C0221,2025-06-25 14:39:10.761681,Processing
O0161,C0473,2026-01-09 14:39:10.761681,Completed
O0162,C0959,2025-04-04 14:39:10.761681,Cancelled
O0163,C0533,2025-07-04 14:39:10.761681,Shipped
O0164,C0494,2023-05-15 14:39:10.761681,Completed
O0165,C0899,2021-08-15 14:39:10.761681,Processing
O0166,C0082,2026-01-25 14:39:10.761681,Cancelled
O0167,C0856,2025-12-01 14:39:10.761681,Completed
O0168,C0879,2026-01-22 14:39:10.761681,Completed
O0169,C0998,2024-02-26 14:39:10.761681,Processing
O0170,C0522,2025-04-23 14:39:10.761681,Shipped
O0171,C0923,2022-12-18 14:39:10.761681,Completed
O0172,C0012,2025-08-06 14:39:10.761681,Completed
O0173,C0263,2023-09-09 14:39:10.761681,Processing
O0174,C0657,2024-12-10 14:39:10.761681,Shipped
O0175,C0449,2024-09-04 14:39:10.761681,Processing
O0176,C0192,2025-03-13 14:39:10.761681,Completed
O0177,C0762,2025-09-06 14:39:10.761681,Shipped
O0178,C0114,2022-07-11 14:39:10.761681,Completed
O0179,C0026,2025-04-03 14:39:10.761681,Completed
O0180,C0783,2026-01-26 14:39:10.761681,Cancelled
O0181,C0499,2022-11-21 14:39:10.761681,Processing
O0182,C0508,2024-10-03 14:39:10.761681,Completed
O0183,C0545,2022-07-07 14:39:10.761681,Completed
O0184,C0062,2024-06-15 14:39:10.761681,Cancelled
O0185,C0229,2025-09-10 14:39:10.761681,Pending
O0186,C0815,2022-02-15 14:39:10.761681,Processing
O0187,C0607,2026-01-05 14:39:10.761681,Processing
O0188,C0035,2022-09-21 14:39:10.761681,Completed
O0189,C0705,2023-06-10 14:39:10.761681,Processing
O0190,C0456,2026-01-13 14:39:10.761681,Shipped
O0191,C0588,2025-11-21 14:39:10.761681,Processing
O0192,C0891,2025-10-08 14:39:10.761681,Cancelled
O0193,C0502,2024-04-10 14:39:10.761681,Processing
O0194,C0761,2025-04-24 14:39:10.761681,Completed
O0195,C0595,2025-09-07 14:39:10.761681,Completed
O0196,C0025,2024-04-14 14:39:10.761681,Processing
O0197,C0569,2025-10-30 14:39:10.761681,Completed
O0198,C0032,2025-09-20 14:39:10.761681,Completed
O0199,C0831,2025-04-27 14:39:10.761681,Processing
O0200,C0012,2024-06-30 14:39:10.761681,Processing
O0201,C0319,2023-02-16 14:39:10.761681,Completed
O0202,C0845,2025-03-08 14:39:10.761681,Processing
O0203,C0604,2024-02-29 14:39:10.761681,Cancelled
O0204,C0001,2022-01-02 14:39:10.761681,Pending
O0205,C0435,2025-01-24 14:39:10.761681,Processing
O0206,C0838,2025-12-31 14:39:10.761681,Completed
O0207,C0136,2023-08-15 14:39:10.761681,Completed
O0208,C0196,2026-01-28 14:39:10.761681,Completed
O0209,C0133,2024-08-06 14:39:10.761681,Pending
O0210,C0985,2023-12-09 14:39:10.761681,Pending
O0211,C0086,2025-06-02 14:39:10.761681,Processing
O0212,C0476,2025-01-11 14:39:10.761681,Processing
O0213,C0807,2024-12-05 14:39:10.761681,Cancelled
O0214,C0791,2025-04-15 14:39:10.761681,Processing
O0215,C0324,2024-03-21 14:39:10.761681,Completed
O0216,C0180,2024-05-08 14:39:10.761681,Completed
O0217,C0516,2025-10-12 14:39:10.761681,Processing
O0218,C0638,2025-04-19 14:39:10.761681,Completed
O0219,C0175,2026-02-02 14:39:10.761681,Completed
O0220,C0763,2024-08-01 14:39:10.761681,Shipped
O0221,C0021,2025-04-26 14:39:10.761681,Completed
O0222,C0997,2021-12-22 14:39:10.761681,Processing
O0223,C0952,2025-12-24 14:39:10.761681,Completed
O0224,C0105,2023-05-04 14:39:10.761681,Completed
O0225,C0578,2025-07-26 14:39:10.761681,Completed
O0226,C0443,2025-07-13 14:39:10.761681,Cancelled
O0227,C0775,2025-02-10 14:39:10.761681,Completed
O0228,C0049,2024-04-04 14:39:10.761681,Pending
O0229,C0528,2025-12-10 14:39:10.761681,Processing
O0230,C0145,2025-06-01 14:39:10.761681,Processing
O0231,C0340,2024-01-28 14:39:10.761681,Completed
O0232,C0762,2025-07-28 14:39:10.761681,Completed
O0233,C0855,2024-07-29 14:39:10.761681,Cancelled
O0234,C0354,2023-04-27 14:39:10.761681,Processing
O0235,C0075,2025-02-05 14:39:10.761681,Processing
O0236,C0802,2025-05-26 14:39:10.761681,Completed
O0237,C0929,2025-11-12 14:39:10.761681,Shipped
O0238,C0794,2025-02-16 14:39:10.761681,Completed
O0239,C0578,2025-08-17 14:39:10.761681,Completed
O0240,C0637,2023-11-02 14:39:10.761681,Completed
O0241,C0319,2022-07-14 14:39:10.761681,Completed
O0242,C0087,2022-08-03 14:39:10.761681,Pending
O0243,C0553,2025-09-23 14:39:10.761681,Completed
O0244,C0982,2026-01-17 14:39:10.761681,Cancelled
O0245,C0698,2024-07-28 14:39:10.761681,Completed
O0246,C0866,2025-01-31 14:39:10.761681,Cancelled
O0247,C0892,2024-11-29 14:39:10.761681,Completed
O0248,C0847,2025-08-16 14:39:10.761681,Completed
O0249,C0778,2023-10-26 14:39:10.761681,Completed
O0250,C0783,2026-01-12 14:39:10.761681,Completed
O0251,C0042,2025-09-09 14:39:10.761681,Pending
O0252,C0093,2024-06-22 14:39:10.761681,Completed
O0253,C0697,2023-08-18 14:39:10.761681,Pending
O0254,C0727,2023-11-16 14:39:10.761681,Completed
O0255,C0507,2022-01-23 14:39:10.761681,Cancelled
O0256,C0529,2022-03-18 14:39:10.761681,Shipped
O0257,C0956,2025-07-24 14:39:10.761681,Completed
O0258,C0265,2025-09-03 14:39:10.761681,Completed
O0259,C0626,2025-03-13 14:39:10.761681,Completed
O0260,C0292,2026-01-04 14:39:10.761681,Cancelled
O0261,C0969,2025-04-16 14:39:10.761681,Completed
O0262,C0464,2024-12-28 14:39:10.761681,Pending
O0263,C0804,2025-01-18 14:39:10.761681,Pending
O0264,C0560,2024-07-08 14:39:10.761681,Processing
O0265,C0819,2023-04-17 14:39:10.761681,Cancelled
O0266,C0097,2025-05-14 14:39:10.761681,Cancelled
O0267,C0887,2023-08-15 14:39:10.761681,Completed
O0268,C0095,2024-04-15 14:39:10.761681,Processing
O0269,C0326,2024-03-24 14:39:10.761681,Processing
O0270,C0074,2025-12-30 14:39:10.761681,Completed
O0271,C0336,2025-03-03 14:39:10.761681,Processing
O0272,C0068,2022-01-02 14:39:10.761681,Completed
O0273,C0758,2025-07-29 14:39:10.761681,Processing
O0274,C0918,2021-05-10 14:39:10.761681,Processing
O0275,C0077,2026-01-13 14:39:10.761681,Completed
O0276,C0208,2025-04-17 14:39:10.761681,Shipped
O0277,C0884,2025-01-10 14:39:10.761681,Completed
O0278,C0766,2025-03-10 14:39:10.761681,Completed
O0279,C0221,2025-08-01 14:39:10.761681,Completed
O0280,C0262,2024-10-08 14:39:10.761681,Shipped
O0281,C0410,2025-09-24 14:39:10.761681,Completed
O0282,C0331,2022-07-20 14:39:10.761681,Completed
O0283,C0344,2023-05-22 14:39:10.761681,Shipped
O0284,C0989,2023-12-29 14:39:10.761681,Completed
O0285,C0771,2024-08-11 14:39:10.761681,Completed
O0286,C0820,2024-08-08 14:39:10.761681,Completed
O0287,C0074,2025-05-29 14:39:10.761681,Completed
O0288,C0637,2023-12-01 14:39:10.761681,Completed
O0289,C0700,2026-02-01 14:39:10.761681,Completed
O0290,C0254,2021-11-14 14:39:10.761681,Processing
O0291,C0959,2025-04-13 14:39:10.761681,Shipped
O0292,C0833,2026-01-19 14:39:10.761681,Completed
O0293,C0820,2024-02-06 14:39:10.761681,Completed
O0294,C0747,2025-09-18 14:39:10.761681,Completed
O0295,C0986,2025-09-17 14:39:10.761681,Cancelled
O0296,C0762,2024-03-30 14:39:10.761681,Completed
O0297,C0332,2025-11-25 14:39:10.761681,Completed
O0298,C0398,2023-09-20 14:39:10.761681,Processing
O0299,C0345,2021-04-13 14:39:10.761681,Completed
O0300,C0584,2025-12-19 14:39:10.761681,Completed
O0301,C0747,2025-05-03 14:39:10.761681,Processing
O0302,C0836,2024-04-01 14:39:10.761681,Cancelled
O0303,C0668,2026-01-01 14:39:10.761681,Completed
O0304,C0455,2026-01-20 14:39:10.761681,Cancelled
O0305,C0906,2025-12-02 14:39:10.761681,Completed
O0306,C0115,2024-07-06 14:39:10.761681,Shipped
O0307,C0313,2025-01-09 14:39:10.761681,Pending
O0308,C0228,2024-02-19 14:39:10.761681,Processing
O0309,C0834,2025-09-20 14:39:10.761681,Processing
O0310,C0858,2025-08-05 14:39:10.761681,Processing
O0311,C0245,2024-12-04 14:39:10.761681,Processing
O0312,C0818,2025-04-25 14:39:10.761681,Pending
O0313,C0526,2023-12-14 14:39:10.761681,Completed
O0314,C0528,2025-08-28 14:39:10.761681,Completed
O0315,C0950,2025-04-15 14:39:10.761681,Cancelled
O0316,C0427,2024-06-19 14:39:10.761681,Processing
O0317,C0042,2024-09-08 14:39:10.761681,Completed
O0318,C0465,2025-01-29 14:39:10.761681,Processing
O0319,C0622,2023-09-29 14:39:10.761681,Processing
O0320,C0278,2023-12-04 14:39:10.761681,Processing
O0321,C0836,2025-09-12 14:39:10.761681,Processing
O0322,C0019,2026-01-27 14:39:10.761681,Completed
O0323,C0066,2024-10-03 14:39:10.761681,Completed
O0324,C0167,2025-01-11 14:39:10.761681,Completed
O0325,C0585,2022-01-05 14:39:10.761681,Completed
O0326,C0403,2023-03-16 14:39:10.761681,Cancelled
O0327,C0912,2025-07-13 14:39:10.761681,Processing
O0328,C0822,2025-10-20 14:39:10.761681,Processing
O0329,C0409,2025-12-26 14:39:10.761681,Cancelled
O0330,C0112,2024-10-30 14:39:10.761681,Completed
O0331,C0274,2023-07-31 14:39:10.761681,Completed
O0332,C0407,2025-10-18 14:39:10.761681,Completed
O0333,C0373,2026-01-16 14:39:10.761681,Completed
O0334,C0597,2025-12-22 14:39:10.761681,Pending
O0335,C0651,2024-01-30 14:39:10.761681,Completed
O0336,C0039,2024-06-24 14:39:10.761681,Completed
O0337,C0105,2024-06-14 14:39:10.761681,Completed
O0338,C0324,2024-03-04 14:39:10.761681,Cancelled
O0339,C0793,2024-08-26 14:39:10.761681,Completed
O0340,C0959,2024-10-05 14:39:10.761681,Pending
O0341,C0992,2024-12-20 14:39:10.761681,Completed
O0342,C0414,2025-08-03 14:39:10.761681,Processing
O0343,C0429,2025-05-18 14:39:10.761681,Completed
O0344,C0635,2026-01-14 14:39:10.761681,Pending
O0345,C0730,2023-12-17 14:39:10.761681,Shipped
O0346,C0889,2025-03-25 14:39:10.761681,Cancelled
O0347,C0061,2023-08-20 14:39:10.761681,Processing
O0348,C0612,2025-12-22 14:39:10.761681,Completed
O0349,C0307,2024-11-24 14:39:10.761681,Completed
O0350,C0354,2023-09-11 14:39:10.761681,Completed
O0351,C0393,2025-11-19 14:39:10.761681,Cancelled
O0352,C0204,2025-10-21 14:39:10.761681,Completed
O0353,C0258,2024-06-28 14:39:10.761681,Completed
O0354,C0486,2025-05-05 14:39:10.761681,Pending
O0355,C0517,2024-03-27 14:39:10.761681,Pending
O0356,C0446,2024-12-02 14:39:10.761681,Completed
O0357,C0709,2024-05-05 14:39:10.761681,Shipped
O0358,C0180,2023-05-20 14:39:10.761681,Cancelled
O0359,C0342,2025-06-13 14:39:10.761681,Completed
O0360,C0133,2025-05-06 14:39:10.761681,Completed
O0361,C0443,2025-11-22 14:39:10.761681,Shipped
O0362,C0836,2025-02-04 14:39:10.761681,Pending
O0363,C0253,2024-03-30 14:39:10.761681,Completed
O0364,C0265,2026-01-26 14:39:10.761681,Completed
O0365,C0093,2025-07-27 14:39:10.761681,Cancelled
O0366,C0662,2026-02-01 14:39:10.761681,Processing
O0367,C0411,2025-08-07 14:39:10.761681,Cancelled
O0368,C0138,2023-11-25 14:39:10.761681,Completed
O0369,C0208,2025-06-20 14:39:10.761681,Completed
O0370,C0637,2024-09-11 14:39:10.761681,Processing
O0371,C0746,2024-08-29 14:39:10.761681,Completed
O0372,C0573,2026-01-21 14:39:10.761681,Processing
O0373,C0307,2021-04-06 14:39:10.761681,Processing
O0374,C0266,2024-09-21 14:39:10.761681,Completed
O0375,C0646,2026-01-05 14:39:10.761681,Processing
O0376,C0318,2025-08-18 14:39:10.761681,Completed
O0377,C0113,2025-12-09 14:39:10.761681,Processing
O0378,C0901,2025-08-21 14:39:10.761681,Completed
O0379,C0378,2024-07-04 14:39:10.761681,Completed
O0380,C0454,2025-04-30 14:39:10.761681,Cancelled
O0381,C0191,2024-08-17 14:39:10.761681,Processing
O0382,C0891,2023-01-01 14:39:10.761681,Completed
O0383,C0440,2024-04-17 14:39:10.761681,Cancelled
O0384,C0187,2025-07-28 14:39:10.761681,Completed
O0385,C0831,2025-01-08 14:39:10.761681,Completed
O0386,C0367,2025-12-07 14:39:10.761681,Completed
O0387,C0089,2024-11-17 14:39:10.761681,Completed
O0388,C0187,2025-04-11 14:39:10.761681,Completed
O0389,C0819,2024-09-03 14:39:10.761681,Completed
O0390,C0946,2025-05-23 14:39:10.761681,Completed
O0391,C0132,2024-08-18 14:39:10.761681,Completed
O0392,C0872,2025-07-28 14:39:10.761681,Completed
O0393,C0635,2026-01-15 14:39:10.761681,Processing
O0394,C0560,2024-07-15 14:39:10.761681,Completed
O0395,C0800,2025-09-23 14:39:10.761681,Processing
O0396,C0376,2024-10-23 14:39:10.761681,Shipped
O0397,C0691,2024-12-03 14:39:10.761681,Cancelled
O0398,C0692,2023-07-01 14:39:10.761681,Cancelled
O0399,C0099,2025-12-31 14:39:10.761681,Processing
O0400,C0842,2025-07-29 14:39:10.761681,Completed
O0401,C0034,2026-01-26 14:39:10.761681,Pending
O0402,C0932,2025-10-02 14:39:10.761681,Shipped
O0403,C0582,2024-10-12 14:39:10.761681,Cancelled
O0404,C0171,2025-08-24 14:39:10.761681,Processing
O0405,C0366,2025-03-17 14:39:10.761681,Completed
O0406,C0784,2025-08-19 14:39:10.761681,Cancelled
O0407,C0059,2026-01-07 14:39:10.761681,Pending
O0408,C0181,2024-06-12 14:39:10.761681,Completed
O0409,C0019,2025-10-26 14:39:10.761681,Completed
O0410,C0226,2025-11-20 14:39:10.761681,Cancelled
O0411,C0473,2023-04-16 14:39:10.761681,Processing
O0412,C0095,2026-01-16 14:39:10.761681,Pending
O0413,C0881,2025-09-13 14:39:10.761681,Processing
O0414,C0297,2026-01-27 14:39:10.761681,Completed
O0415,C0593,2025-10-06 14:39:10.761681,Completed
O0416,C0175,2026-02-01 14:39:10.761681,Completed
O0417,C0222,2025-06-16 14:39:10.761681,Completed
O0418,C0615,2026-01-17 14:39:10.761681,Completed
O0419,C0054,2023-09-02 14:39:10.761681,Completed
O0420,C0695,2026-01-07 14:39:10.761681,Shipped
O0421,C0863,2024-11-01 14:39:10.761681,Shipped
O0422,C0403,2025-03-17 14:39:10.761681,Completed
O0423,C0318,2024-09-14 14:39:10.761681,Completed
O0424,C0867,2025-09-27 14:39:10.761681,Completed
O0425,C0349,2023-04-23 14:39:10.761681,Cancelled
O0426,C0443,2025-07-07 14:39:10.761681,Completed
O0427,C0833,2026-01-15 14:39:10.761681,Completed
O0428,C0580,2026-02-02 14:39:10.761681,Processing
O0429,C0540,2025-10-09 14:39:10.761681,Processing
O0430,C0786,2025-02-27 14:39:10.761681,Completed
O0431,C0282,2024-05-08 14:39:10.761681,Completed
O0432,C0360,2024-04-12 14:39:10.761681,Completed
O0433,C0915,2023-04-23 14:39:10.761681,Processing
O0434,C0823,2025-12-31 14:39:10.761681,Pending
O0435,C0631,2024-03-17 14:39:10.761681,Completed
O0436,C0892,2024-11-14 14:39:10.761681,Shipped
O0437,C0953,2025-06-19 14:39:10.761681,Completed
O0438,C0646,2025-11-04 14:39:10.761681,Completed
O0439,C0641,2023-10-17 14:39:10.761681,Completed
O0440,C0008,2024-07-22 14:39:10.761681,Pending
O0441,C0993,2024-12-18 14:39:10.761681,Completed
O0442,C0563,2022-12-12 14:39:10.761681,Completed
O0443,C0491,2025-04-01 14:39:10.761681,Completed
O0444,C0341,2024-04-24 14:39:10.761681,Completed
O0445,C0472,2026-01-27 14:39:10.761681,Processing
O0446,C0793,2025-11-02 14:39:10.761681,Completed
O0447,C0687,2023-11-19 14:39:10.761681,Completed
O0448,C0695,2025-11-10 14:39:10.761681,Cancelled
O0449,C0704,2024-09-24 14:39:10.761681,Processing
O0450,C0249,2024-10-18 14:39:10.761681,Processing
O0451,C0235,2023-08-26 14:39:10.761681,Pending
O0452,C0083,2025-03-24 14:39:10.761681,Completed
O0453,C0093,2024-09-21 14:39:10.761681,Shipped
O0454,C0885,2026-01-25 14:39:10.761681,Shipped
O0455,C0394,2025-05-29 14:39:10.761681,Completed
O0456,C0824,2026-01-26 14:39:10.761681,Processing
O0457,C0268,2026-01-20 14:39:10.761681,Completed
O0458,C0417,2024-04-02 14:39:10.761681,Processing
O0459,C0632,2024-05-12 14:39:10.761681,Processing
O0460,C0583,2024-08-07 14:39:10.761681,Cancelled
O0461,C0529,2023-11-04 14:39:10.761681,Processing
O0462,C0253,2024-08-23 14:39:10.761681,Shipped
O0463,C0957,2024-06-17 14:39:10.761681,Completed
O0464,C0122,2023-09-05 14:39:10.761681,Completed
O0465,C0892,2025-06-27 14:39:10.761681,Completed
O0466,C0010,2025-11-01 14:39:10.761681,Completed
O0467,C0799,2025-07-07 14:39:10.761681,Shipped
O0468,C0316,2024-03-04 14:39:10.761681,Completed
O0469,C0838,2025-09-25 14:39:10.761681,Completed
O0470,C0273,2025-11-29 14:39:10.761681,Cancelled
O0471,C0306,2026-01-07 14:39:10.761681,Processing
O0472,C0805,2024-11-23 14:39:10.761681,Completed
O0473,C0210,2026-01-12 14:39:10.761681,Completed
O0474,C0958,2025-10-29 14:39:10.761681,Completed
O0475,C0730,2024-03-05 14:39:10.761681,Shipped
O0476,C0753,2024-09-07 14:39:10.761681,Completed
O0477,C0886,2023-06-27 14:39:10.761681,Cancelled
O0478,C0464,2022-12-31 14:39:10.761681,Completed
O0479,C0712,2025-01-14 14:39:10.761681,Completed
O0480,C0728,2025-02-04 14:39:10.761681,Processing
O0481,C0717,2023-09-10 14:39:10.761681,Completed
O0482,C0925,2024-11-09 14:39:10.761681,Completed
O0483,C0416,2025-02-03 14:39:10.761681,Completed
O0484,C0216,2025-03-31 14:39:10.761681,Pending
O0485,C0080,2024-12-14 14:39:10.761681,Pending
O0486,C0779,2024-08-15 14:39:10.761681,Completed
O0487,C0480,2025-11-18 14:39:10.761681,Completed
O0488,C0902,2024-11-05 14:39:10.761681,Completed
O0489,C0891,2025-08-22 14:39:10.761681,Cancelled
O0490,C0547,2023-11-16 14:39:10.761681,Processing
O0491,C0801,2026-01-04 14:39:10.761681,Pending
O0492,C0018,2025-03-17 14:39:10.761681,Cancelled
O0493,C0165,2024-11-26 14:39:10.761681,Completed
O0494,C0525,2021-07-18 14:39:10.761681,Completed
O0495,C0202,2025-09-28 14:39:10.761681,Completed
O0496,C0741,2025-01-17 14:39:10.761681,Completed
O0497,C0346,2024-05-16 14:39:10.761681,Completed
O0498,C0366,2026-01-28 14:39:10.761681,Pending
O0499,C0977,2025-04-17 14:39:10.761681,Cancelled
O0500,C0448,2024-03-22 14:39:10.761681,Processing
O0501,C0513,2022-12-14 14:39:10.761681,Completed
O0502,C0319,2023-04-03 14:39:10.761681,Cancelled
O0503,C0217,2023-04-07 14:39:10.761681,Processing
O0504,C0034,2026-01-23 14:39:10.761681,Cancelled
O0505,C0871,2024-11-14 14:39:10.761681,Completed
O0506,C0266,2023-05-21 14:39:10.761681,Completed
O0507,C0640,2024-08-11 14:39:10.761681,Completed
O0508,C0724,2021-11-20 14:39:10.761681,Completed
O0509,C0775,2025-12-25 14:39:10.761681,Shipped
O0510,C0824,2024-03-27 14:39:10.761681,Completed
O0511,C0080,2024-11-28 14:39:10.761681,Completed
O0512,C0677,2025-08-13 14:39:10.761681,Shipped
O0513,C0413,2024-03-13 14:39:10.761681,Processing
O0514,C0252,2025-09-03 14:39:10.761681,Completed
O0515,C0012,2025-05-13 14:39:10.761681,Shipped
O0516,C0401,2024-03-24 14:39:10.761681,Completed
O0517,C0816,2025-10-05 14:39:10.761681,Completed
O0518,C0724,2024-07-16 14:39:10.761681,Completed
O0519,C0282,2025-11-23 14:39:10.761681,Cancelled
O0520,C0112,2025-05-06 14:39:10.761681,Processing
O0521,C0723,2025-07-06 14:39:10.761681,Completed
O0522,C0378,2024-12-15 14:39:10.761681,Pending
O0523,C0751,2024-11-04 14:39:10.761681,Completed
O0524,C0268,2023-04-03 14:39:10.761681,Pending
O0525,C0917,2023-09-17 14:39:10.761681,Completed
O0526,C0298,2024-03-05 14:39:10.761681,Completed
O0527,C0317,2025-05-18 14:39:10.761681,Processing
O0528,C0570,2023-10-11 14:39:10.761681,Cancelled
O0529,C0509,2022-04-21 14:39:10.761681,Completed
O0530,C0950,2025-02-22 14:39:10.761681,Completed
O0531,C0546,2024-09-25 14:39:10.761681,Completed
O0532,C0775,2025-08-16 14:39:10.761681,Completed
O0533,C0365,2025-11-14 14:39:10.761681,Processing
O0534,C0547,2024-06-19 14:39:10.761681,Processing
O0535,C0271,2025-05-26 14:39:10.761681,Completed
O0536,C0961,2025-07-03 14:39:10.761681,Completed
O0537,C0474,2024-11-24 14:39:10.761681,Processing
O0538,C0739,2023-09-10 14:39:10.761681,Completed
O0539,C0537,2023-02-25 14:39:10.761681,Cancelled
O0540,C0234,2024-03-10 14:39:10.761681,Completed
O0541,C0059,2025-02-19 14:39:10.761681,Shipped
O0542,C0251,2025-08-18 14:39:10.761681,Pending
O0543,C0847,2025-11-17 14:39:10.761681,Processing
O0544,C0086,2026-01-15 14:39:10.761681,Processing
O0545,C0763,2024-08-01 14:39:10.761681,Completed
O0546,C0390,2024-03-20 14:39:10.761681,Shipped
O0547,C0180,2023-12-16 14:39:10.761681,Processing
O0548,C0719,2025-02-06 14:39:10.761681,Completed
O0549,C0856,2026-01-15 14:39:10.761681,Completed
O0550,C0149,2025-11-03 14:39:10.761681,Completed
O0551,C0583,2026-01-31 14:39:10.761681,Completed
O0552,C0121,2025-12-17 14:39:10.761681,Completed
O0553,C0765,2023-06-22 14:39:10.761681,Cancelled
O0554,C0605,2025-02-03 14:39:10.761681,Completed
O0555,C0256,2025-05-12 14:39:10.761681,Processing
O0556,C0766,2025-07-13 14:39:10.761681,Completed
O0557,C0864,2025-07-06 14:39:10.761681,Completed
O0558,C0800,2026-01-22 14:39:10.761681,Pending
O0559,C0309,2025-08-27 14:39:10.761681,Pending
O0560,C0059,2024-10-17 14:39:10.761681,Completed
O0561,C0069,2025-02-04 14:39:10.761681,Completed
O0562,C0446,2023-12-12 14:39:10.761681,Completed
O0563,C0388,2025-09-22 14:39:10.761681,Shipped
O0564,C0086,2025-08-30 14:39:10.761681,Processing
O0565,C0786,2025-12-06 14:39:10.761681,Completed
O0566,C0227,2025-11-30 14:39:10.761681,Shipped
O0567,C0593,2024-08-02 14:39:10.761681,Shipped
O0568,C0626,2025-12-31 14:39:10.761681,Completed
O0569,C0184,2025-05-29 14:39:10.761681,Processing
O0570,C0792,2024-02-06 14:39:10.761681,Processing
O0571,C0322,2025-03-26 14:39:10.761681,Completed
O0572,C0909,2022-07-17 14:39:10.761681,Completed
O0573,C0318,2025-04-07 14:39:10.761681,Completed
O0574,C0566,2025-09-06 14:39:10.761681,Completed
O0575,C0399,2025-10-31 14:39:10.761681,Shipped
O0576,C0709,2023-11-10 14:39:10.761681,Completed
O0577,C0899,2025-11-26 14:39:10.761681,Processing
O0578,C0293,2025-08-23 14:39:10.761681,Shipped
O0579,C0293,2025-06-11 14:39:10.761681,Cancelled
O0580,C0485,2024-09-05 14:39:10.761681,Cancelled
O0581,C0899,2025-10-25 14:39:10.761681,Completed
O0582,C0447,2025-06-14 14:39:10.761681,Completed
O0583,C0803,2022-12-12 14:39:10.761681,Cancelled
O0584,C0692,2025-12-13 14:39:10.761681,Completed
O0585,C0983,2021-04-01 14:39:10.761681,Completed
O0586,C0892,2025-05-03 14:39:10.761681,Processing
O0587,C0412,2025-10-14 14:39:10.761681,Cancelled
O0588,C0508,2023-08-28 14:39:10.761681,Completed
O0589,C0734,2024-10-02 14:39:10.761681,Cancelled
O0590,C0786,2025-06-25 14:39:10.761681,Processing
O0591,C0890,2024-12-15 14:39:10.761681,Completed
O0592,C0244,2025-09-01 14:39:10.761681,Completed
O0593,C0420,2026-01-08 14:39:10.761681,Processing
O0594,C0929,2025-07-07 14:39:10.761681,Completed
O0595,C0960,2024-05-08 14:39:10.761681,Completed
O0596,C0154,2025-12-21 14:39:10.761681,Pending
O0597,C0816,2025-11-14 14:39:10.761681,Processing
O0598,C0424,2025-11-10 14:39:10.761681,Completed
O0599,C0273,2025-11-22 14:39:10.761681,Completed
O0600,C0936,2025-09-17 14:39:10.761681,Completed
O0601,C0647,2022-10-15 14:39:10.761681,Processing
O0602,C0825,2025-04-12 14:39:10.761681,Completed
O0603,C0520,2021-05-08 14:39:10.761681,Cancelled
O0604,C0128,2024-05-17 14:39:10.761681,Processing
O0605,C0373,2025-07-04 14:39:10.761681,Completed
O0606,C0568,2023-09-04 14:39:10.761681,Processing
O0607,C0638,2026-01-06 14:39:10.761681,Processing
O0608,C0159,2025-12-01 14:39:10.761681,Processing
O0609,C0571,2025-11-06 14:39:10.761681,Completed
O0610,C0570,2023-11-24 14:39:10.761681,Cancelled
O0611,C0652,2026-01-03 14:39:10.761681,Processing
O0612,C0176,2025-06-23 14:39:10.761681,Processing
O0613,C0927,2025-10-24 14:39:10.761681,Completed
O0614,C0620,2025-08-07 14:39:10.761681,Processing
O0615,C0211,2026-01-13 14:39:10.761681,Completed
O0616,C0447,2026-01-25 14:39:10.761681,Completed
O0617,C0586,2025-08-27 14:39:10.761681,Completed
O0618,C0167,2025-11-08 14:39:10.761681,Processing
O0619,C0460,2025-10-18 14:39:10.761681,Completed
O0620,C0916,2024-03-07 14:39:10.761681,Pending
O0621,C0357,2024-10-30 14:39:10.761681,Processing
O0622,C0304,2026-01-09 14:39:10.761681,Completed
O0623,C0233,2025-11-02 14:39:10.761681,Cancelled
O0624,C0327,2024-03-16 14:39:10.761681,Completed
O0625,C0884,2023-08-06 14:39:10.761681,Completed
O0626,C0182,2025-05-15 14:39:10.761681,Shipped
O0627,C0634,2025-03-03 14:39:10.761681,Processing
O0628,C0334,2023-06-14 14:39:10.761681,Pending
O0629,C0715,2025-04-19 14:39:10.761681,Processing
O0630,C0967,2025-04-01 14:39:10.761681,Completed
O0631,C0029,2026-01-28 14:39:10.761681,Completed
O0632,C0714,2025-10-08 14:39:10.761681,Pending
O0633,C0093,2025-06-06 14:39:10.761681,Completed
O0634,C0841,2026-01-07 14:39:10.761681,Completed
O0635,C0868,2025-10-18 14:39:10.761681,Pending
O0636,C0688,2026-01-03 14:39:10.761681,Completed
O0637,C0330,2024-12-12 14:39:10.761681,Completed
O0638,C0723,2026-01-08 14:39:10.761681,Pending
O0639,C0184,2025-08-13 14:39:10.761681,Cancelled
O0640,C0095,2025-11-03 14:39:10.761681,Processing
O0641,C0785,2024-12-13 14:39:10.761681,Cancelled
O0642,C0649,2025-12-10 14:39:10.761681,Completed
O0643,C0749,2025-01-04 14:39:10.761681,Processing
O0644,C0353,2024-03-11 14:39:10.761681,Processing
O0645,C0930,2024-04-16 14:39:10.761681,Completed
O0646,C0941,2025-12-09 14:39:10.761681,Completed
O0647,C0984,2023-11-06 14:39:10.761681,Cancelled
O0648,C0265,2025-08-12 14:39:10.761681,Cancelled
O0649,C0647,2022-10-06 14:39:10.761681,Processing
O0650,C0656,2026-01-17 14:39:10.761681,Shipped
O0651,C0019,2026-01-18 14:39:10.761681,Cancelled
O0652,C0743,2026-01-03 14:39:10.761681,Processing
O0653,C0646,2025-10-03 14:39:10.761681,Pending
O0654,C0626,2025-10-09 14:39:10.761681,Completed
O0655,C0499,2023-09-25 14:39:10.761681,Processing
O0656,C0139,2025-10-25 14:39:10.761681,Completed
O0657,C0637,2023-05-18 14:39:10.761681,Processing
O0658,C0716,2025-09-04 14:39:10.761681,Processing
O0659,C0573,2025-05-06 14:39:10.761681,Shipped
O0660,C0762,2025-10-12 14:39:10.761681,Cancelled
O0661,C0810,2025-01-25 14:39:10.761681,Completed
O0662,C0525,2022-11-25 14:39:10.761681,Completed
O0663,C0908,2023-11-20 14:39:10.761681,Completed
O0664,C0255,2026-01-08 14:39:10.761681,Cancelled
O0665,C0085,2025-01-30 14:39:10.761681,Shipped
O0666,C0458,2024-08-02 14:39:10.761681,Cancelled
O0667,C0532,2024-06-02 14:39:10.761681,Completed
O0668,C0562,2024-03-24 14:39:10.761681,Pending
O0669,C0676,2025-12-13 14:39:10.761681,Processing
O0670,C0092,2023-10-29 14:39:10.761681,Completed
O0671,C0600,2022-08-07 14:39:10.761681,Pending
O0672,C0069,2025-11-19 14:39:10.761681,Processing
O0673,C0037,2025-07-31 14:39:10.761681,Cancelled
O0674,C0765,2024-06-12 14:39:10.761681,Completed
O0675,C0764,2025-12-21 14:39:10.761681,Processing
O0676,C0140,2022-12-03 14:39:10.761681,Completed
O0677,C0867,2025-03-31 14:39:10.761681,Processing
O0678,C0893,2025-05-23 14:39:10.761681,Completed
O0679,C0680,2021-03-17 14:39:10.761681,Completed
O0680,C0566,2024-04-10 14:39:10.761681,Processing
O0681,C0898,2024-11-19 14:39:10.761681,Completed
O0682,C0178,2021-07-03 14:39:10.761681,Shipped
O0683,C0809,2025-02-07 14:39:10.761681,Processing
O0684,C0813,2024-10-19 14:39:10.761681,Processing
O0685,C0871,2025-05-17 14:39:10.761681,Processing
O0686,C0618,2025-02-04 14:39:10.761681,Completed
O0687,C0137,2025-04-18 14:39:10.761681,Shipped
O0688,C0190,2025-12-29 14:39:10.761681,Completed
O0689,C0640,2024-10-23 14:39:10.761681,Completed
O0690,C0342,2023-12-26 14:39:10.761681,Processing
O0691,C0559,2026-01-06 14:39:10.761681,Completed
O0692,C0005,2024-09-20 14:39:10.761681,Cancelled
O0693,C0972,2024-05-16 14:39:10.761681,Pending
O0694,C0257,2025-12-17 14:39:10.761681,Cancelled
O0695,C0812,2024-06-06 14:39:10.761681,Processing
O0696,C0662,2025-03-17 14:39:10.761681,Completed
O0697,C0806,2023-12-11 14:39:10.761681,Cancelled
O0698,C0243,2025-10-14 14:39:10.761681,Processing
O0699,C0787,2023-04-26 14:39:10.761681,Pending
O0700,C0720,2024-05-20 14:39:10.761681,Completed
O0701,C0415,2025-03-07 14:39:10.761681,Cancelled
O0702,C0627,2024-11-30 14:39:10.761681,Completed
O0703,C0707,2026-01-29 14:39:10.761681,Completed
O0704,C0343,2023-08-19 14:39:10.761681,Processing
O0705,C0682,2025-10-08 14:39:10.761681,Pending
O0706,C0379,2025-07-10 14:39:10.761681,Processing
O0707,C0594,2026-01-29 14:39:10.761681,Processing
O0708,C0666,2024-02-08 14:39:10.761681,Cancelled
O0709,C0653,2022-01-06 14:39:10.761681,Completed
O0710,C0826,2024-07-02 14:39:10.761681,Completed
O0711,C0146,2025-09-23 14:39:10.761681,Completed
O0712,C0323,2025-11-01 14:39:10.761681,Processing
O0713,C0122,2022-04-13 14:39:10.761681,Completed
O0714,C0252,2025-07-07 14:39:10.761681,Completed
O0715,C0855,2024-01-08 14:39:10.761681,Pending
O0716,C0899,2024-02-16 14:39:10.761681,Completed
O0717,C0311,2023-05-18 14:39:10.761681,Completed
O0718,C0601,2022-04-24 14:39:10.761681,Cancelled
O0719,C0475,2023-05-29 14:39:10.761681,Completed
O0720,C0570,2023-10-25 14:39:10.761681,Completed
O0721,C0492,2026-01-11 14:39:10.761681,Completed
O0722,C0575,2025-07-28 14:39:10.761681,Shipped
O0723,C0347,2025-03-02 14:39:10.761681,Cancelled
O0724,C0820,2025-01-15 14:39:10.761681,Completed
O0725,C0487,2025-09-10 14:39:10.761681,Cancelled
O0726,C0473,2025-02-07 14:39:10.761681,Completed
O0727,C0382,2024-04-29 14:39:10.761681,Processing
O0728,C0280,2025-08-28 14:39:10.761681,Completed
O0729,C0072,2025-07-12 14:39:10.761681,Cancelled
O0730,C0521,2026-01-17 14:39:10.761681,Processing
O0731,C0366,2023-12-20 14:39:10.761681,Processing
O0732,C0933,2024-10-15 14:39:10.761681,Completed
O0733,C0094,2026-01-19 14:39:10.761681,Completed
O0734,C0373,2025-07-25 14:39:10.761681,Shipped
O0735,C0339,2025-04-27 14:39:10.761681,Completed
O0736,C0437,2025-06-24 14:39:10.761681,Processing
O0737,C0336,2025-05-25 14:39:10.761681,Shipped
O0738,C0664,2024-06-04 14:39:10.761681,Shipped
O0739,C0492,2025-12-18 14:39:10.761681,Completed
O0740,C0917,2023-09-27 14:39:10.761681,Shipped
O0741,C0868,2025-07-03 14:39:10.761681,Cancelled
O0742,C0040,2023-04-28 14:39:10.761681,Processing
O0743,C0359,2022-06-13 14:39:10.761681,Completed
O0744,C0574,2024-02-12 14:39:10.761681,Completed
O0745,C0254,2024-05-20 14:39:10.761681,Completed
O0746,C0966,2026-01-31 14:39:10.761681,Completed
O0747,C0581,2026-01-30 14:39:10.761681,Cancelled
O0748,C0398,2023-07-22 14:39:10.761681,Processing
O0749,C0757,2023-11-02 14:39:10.761681,Completed
O0750,C0877,2024-09-01 14:39:10.761681,Processing
O0751,C0170,2023-04-13 14:39:10.761681,Completed
O0752,C0690,2025-08-14 14:39:10.761681,Completed
O0753,C0701,2025-07-20 14:39:10.761681,Completed
O0754,C0511,2025-12-10 14:39:10.761681,Completed
O0755,C0260,2024-04-07 14:39:10.761681,Processing
O0756,C0584,2023-05-05 14:39:10.761681,Completed
O0757,C0984,2024-07-31 14:39:10.761681,Cancelled
O0758,C0459,2025-01-19 14:39:10.761681,Completed
O0759,C0529,2023-04-24 14:39:10.761681,Processing
O0760,C0882,2026-01-31 14:39:10.761681,Completed
O0761,C0341,2024-04-19 14:39:10.761681,Completed
O0762,C0057,2024-07-18 14:39:10.761681,Completed
O0763,C0218,2022-12-30 14:39:10.761681,Completed
O0764,C0619,2023-11-28 14:39:10.761681,Completed
O0765,C0816,2025-11-16 14:39:10.761681,Processing
O0766,C0940,2022-12-17 14:39:10.761681,Cancelled
O0767,C0685,2025-11-30 14:39:10.761681,Cancelled
O0768,C0731,2025-09-09 14:39:10.761681,Pending
O0769,C0464,2024-08-05 14:39:10.761681,Completed
O0770,C0247,2023-02-27 14:39:10.761681,Completed
O0771,C0730,2024-04-01 14:39:10.761681,Processing
O0772,C0373,2025-10-28 14:39:10.761681,Processing
O0773,C0417,2025-10-01 14:39:10.761681,Processing
O0774,C0031,2025-09-17 14:39:10.761681,Processing
O0775,C0368,2025-01-30 14:39:10.761681,Completed
O0776,C0559,2024-08-10 14:39:10.761681,Completed
O0777,C0646,2025-08-25 14:39:10.761681,Completed
O0778,C0108,2025-02-24 14:39:10.761681,Completed
O0779,C0584,2022-10-04 14:39:10.761681,Completed
O0780,C0839,2025-10-15 14:39:10.761681,Completed
O0781,C0418,2024-12-19 14:39:10.761681,Cancelled
O0782,C0620,2025-06-26 14:39:10.761681,Processing
O0783,C0821,2025-12-17 14:39:10.761681,Shipped
O0784,C0398,2024-03-25 14:39:10.761681,Processing
O0785,C0272,2025-12-09 14:39:10.761681,Completed
O0786,C0683,2024-09-07 14:39:10.761681,Completed
O0787,C0116,2024-12-06 14:39:10.761681,Cancelled
O0788,C0841,2025-05-11 14:39:10.761681,Completed
O0789,C0586,2026-01-31 14:39:10.761681,Completed
O0790,C0256,2024-11-09 14:39:10.761681,Completed
O0791,C0081,2022-02-24 14:39:10.761681,Completed
O0792,C0780,2025-03-01 14:39:10.761681,Pending
O0793,C0128,2023-06-19 14:39:10.761681,Completed
O0794,C0838,2025-10-03 14:39:10.761681,Pending
O0795,C0915,2025-01-14 14:39:10.761681,Cancelled
O0796,C0235,2023-09-12 14:39:10.761681,Completed
O0797,C0553,2025-01-08 14:39:10.761681,Completed
O0798,C0181,2025-08-20 14:39:10.761681,Completed
O0799,C0157,2025-08-16 14:39:10.761681,Completed
O0800,C0454,2024-09-25 14:39:10.761681,Shipped
O0801,C0571,2025-12-16 14:39:10.761681,Shipped
O0802,C0857,2024-07-08 14:39:10.761681,Cancelled
O0803,C0761,2026-02-01 14:39:10.761681,Completed
O0804,C0704,2024-12-31 14:39:10.761681,Cancelled
O0805,C0024,2025-09-28 14:39:10.761681,Cancelled
O0806,C0473,2022-08-01 14:39:10.761681,Pending
O0807,C0400,2025-12-23 14:39:10.761681,Cancelled
O0808,C0948,2025-09-01 14:39:10.761681,Pending
O0809,C0592,2024-04-26 14:39:10.761681,Cancelled
O0810,C0134,2023-08-28 14:39:10.761681,Shipped
O0811,C0421,2026-02-02 14:39:10.761681,Completed
O0812,C0213,2025-10-03 14:39:10.761681,Shipped
O0813,C0900,2024-10-17 14:39:10.761681,Completed
O0814,C0482,2025-02-06 14:39:10.761681,Completed
O0815,C0348,2021-10-23 14:39:10.761681,Processing
O0816,C0166,2025-11-27 14:39:10.761681,Processing
O0817,C0937,2025-11-01 14:39:10.761681,Completed
O0818,C0348,2025-10-11 14:39:10.761681,Completed
O0819,C0849,2025-01-16 14:39:10.761681,Completed
O0820,C0398,2024-10-10 14:39:10.761681,Pending
O0821,C0583,2025-09-05 14:39:10.761681,Processing
O0822,C0726,2025-12-25 14:39:10.761681,Processing
O0823,C0435,2025-12-22 14:39:10.761681,Cancelled
O0824,C0577,2023-04-22 14:39:10.761681,Completed
O0825,C0221,2025-12-27 14:39:10.761681,Cancelled
O0826,C0308,2022-08-14 14:39:10.761681,Completed
O0827,C0991,2026-01-15 14:39:10.761681,Processing
O0828,C0798,2025-01-06 14:39:10.761681,Processing
O0829,C0697,2022-02-21 14:39:10.761681,Cancelled
O0830,C0719,2023-08-23 14:39:10.761681,Completed
O0831,C0466,2024-08-22 14:39:10.761681,Completed
O0832,C0099,2026-01-22 14:39:10.761681,Completed
O0833,C0242,2025-04-25 14:39:10.761681,Processing
O0834,C0158,2025-07-27 14:39:10.761681,Completed
O0835,C0610,2022-04-14 14:39:10.761681,Completed
O0836,C0554,2025-06-07 14:39:10.761681,Completed
O0837,C0651,2024-09-21 14:39:10.761681,Processing
O0838,C0795,2025-12-08 14:39:10.761681,Completed
O0839,C0920,2025-01-28 14:39:10.761681,Processing
O0840,C0227,2025-07-05 14:39:10.761681,Processing
O0841,C0423,2023-02-12 14:39:10.761681,Processing
O0842,C0072,2025-07-25 14:39:10.761681,Completed
O0843,C0243,2026-01-09 14:39:10.761681,Completed
O0844,C0530,2025-04-28 14:39:10.761681,Completed
O0845,C0589,2023-12-29 14:39:10.761681,Completed
O0846,C0045,2024-02-25 14:39:10.761681,Completed
O0847,C0472,2026-01-23 14:39:10.761681,Cancelled
O0848,C0371,2025-12-26 14:39:10.761681,Completed
O0849,C0855,2025-08-13 14:39:10.761681,Processing
O0850,C0652,2026-01-17 14:39:10.761681,Completed
O0851,C0689,2024-01-31 14:39:10.761681,Cancelled
O0852,C0734,2025-06-14 14:39:10.761681,Processing
O0853,C0927,2025-10-15 14:39:10.761681,Shipped
O0854,C0092,2022-04-03 14:39:10.761681,Processing
O0855,C0022,2025-06-11 14:39:10.761681,Shipped
O0856,C0172,2024-06-17 14:39:10.761681,Processing
O0857,C0604,2024-07-17 14:39:10.761681,Completed
O0858,C0192,2024-05-14 14:39:10.761681,Pending
O0859,C0077,2023-09-17 14:39:10.761681,Completed
O0860,C0281,2025-12-19 14:39:10.761681,Completed
O0861,C0364,2024-05-14 14:39:10.761681,Completed
O0862,C0179,2025-12-06 14:39:10.761681,Completed
O0863,C0238,2026-01-28 14:39:10.761681,Completed
O0864,C0135,2024-04-02 14:39:10.761681,Completed
O0865,C0877,2025-04-12 14:39:10.761681,Completed
O0866,C0902,2026-01-21 14:39:10.761681,Processing
O0867,C0280,2024-09-21 14:39:10.761681,Completed
O0868,C0019,2026-01-07 14:39:10.761681,Shipped
O0869,C0595,2026-01-19 14:39:10.761681,Completed
O0870,C0740,2024-03-20 14:39:10.761681,Processing
O0871,C0371,2026-01-16 14:39:10.761681,Processing
O0872,C0777,2026-01-15 14:39:10.761681,Cancelled
O0873,C0112,2025-09-01 14:39:10.761681,Cancelled
O0874,C0763,2026-01-30 14:39:10.761681,Completed
O0875,C0676,2026-01-22 14:39:10.761681,Processing
O0876,C0870,2023-01-06 14:39:10.761681,Processing
O0877,C0680,2025-08-25 14:39:10.761681,Processing
O0878,C0221,2025-07-07 14:39:10.761681,Cancelled
O0879,C0920,2024-09-04 14:39:10.761681,Completed
O0880,C0304,2025-12-11 14:39:10.761681,Processing
O0881,C0703,2024-12-06 14:39:10.761681,Completed
O0882,C0325,2026-01-05 14:39:10.761681,Cancelled
O0883,C0437,2026-01-26 14:39:10.761681,Completed
O0884,C0438,2023-07-29 14:39:10.761681,Processing
O0885,C0170,2025-11-14 14:39:10.761681,Completed
O0886,C0375,2025-01-24 14:39:10.761681,Completed
O0887,C0557,2025-03-30 14:39:10.761681,Cancelled
O0888,C0381,2025-11-12 14:39:10.761681,Processing
O0889,C0986,2025-09-22 14:39:10.761681,Cancelled
O0890,C0014,2025-01-07 14:39:10.761681,Completed
O0891,C0743,2026-01-17 14:39:10.761681,Completed
O0892,C0669,2023-04-09 14:39:10.761681,Shipped
O0893,C0500,2025-03-14 14:39:10.761681,Processing
O0894,C0646,2025-11-17 14:39:10.761681,Processing
O0895,C0391,2025-02-22 14:39:10.761681,Completed
O0896,C0549,2024-03-03 14:39:10.761681,Processing
O0897,C0565,2024-07-26 14:39:10.761681,Completed
O0898,C0530,2023-04-01 14:39:10.761681,Pending
O0899,C0983,2025-11-23 14:39:10.761681,Completed
O0900,C0492,2025-09-05 14:39:10.761681,Completed
O0901,C0550,2025-02-28 14:39:10.761681,Processing
O0902,C0699,2025-12-10 14:39:10.761681,Pending
O0903,C0385,2025-01-31 14:39:10.761681,Completed
O0904,C0196,2026-01-04 14:39:10.761681,Completed
O0905,C0755,2025-07-03 14:39:10.761681,Completed
O0906,C0300,2025-04-30 14:39:10.761681,Cancelled
O0907,C0815,2024-01-06 14:39:10.761681,Completed
O0908,C0547,2025-10-11 14:39:10.761681,Completed
O0909,C0727,2025-01-20 14:39:10.761681,Cancelled
O0910,C0731,2026-01-08 14:39:10.761681,Cancelled
O0911,C0828,2026-01-03 14:39:10.761681,Shipped
O0912,C0602,2024-10-15 14:39:10.761681,Pending
O0913,C0308,2024-11-24 14:39:10.761681,Processing
O0914,C0252,2025-12-20 14:39:10.761681,Processing
O0915,C0008,2025-01-31 14:39:10.761681,Processing
O0916,C0768,2025-09-05 14:39:10.761681,Cancelled
O0917,C0875,2025-03-22 14:39:10.761681,Completed
O0918,C0208,2025-03-14 14:39:10.761681,Processing
O0919,C0937,2026-01-17 14:39:10.761681,Completed
O0920,C0131,2022-08-14 14:39:10.761681,Completed
O0921,C0736,2023-09-02 14:39:10.761681,Completed
O0922,C0709,2024-07-07 14:39:10.761681,Completed
O0923,C0980,2025-01-18 14:39:10.761681,Processing
O0924,C0654,2024-12-21 14:39:10.761681,Cancelled
O0925,C0764,2025-05-22 14:39:10.761681,Cancelled
O0926,C0608,2023-03-28 14:39:10.761681,Cancelled
O0927,C0026,2025-03-24 14:39:10.761681,Pending
O0928,C0623,2025-09-20 14:39:10.761681,Completed
O0929,C0454,2025-03-26 14:39:10.761681,Cancelled
O0930,C0635,2026-01-30 14:39:10.761681,Shipped
O0931,C0186,2025-11-17 14:39:10.761681,Completed
O0932,C0484,2024-07-11 14:39:10.761681,Shipped
O0933,C0680,2024-06-02 14:39:10.761681,Completed
O0934,C0051,2022-07-11 14:39:10.761681,Completed
O0935,C0891,2022-09-21 14:39:10.761681,Completed
O0936,C0005,2025-10-15 14:39:10.761681,Completed
O0937,C0589,2023-03-07 14:39:10.761681,Processing
O0938,C0160,2025-12-06 14:39:10.761681,Processing
O0939,C0208,2025-08-07 14:39:10.761681,Completed
O0940,C0257,2026-01-09 14:39:10.761681,Cancelled
O0941,C0205,2025-09-23 14:39:10.761681,Shipped
O0942,C0767,2025-05-21 14:39:10.761681,Completed
O0943,C0950,2025-01-14 14:39:10.761681,Completed
O0944,C0011,2025-10-25 14:39:10.761681,Processing
O0945,C0949,2025-04-18 14:39:10.761681,Cancelled
O0946,C0008,2025-04-23 14:39:10.761681,Processing
O0947,C0409,2025-03-19 14:39:10.761681,Completed
O0948,C0936,2025-09-15 14:39:10.761681,Shipped
O0949,C0032,2023-06-19 14:39:10.761681,Completed
O0950,C0984,2025-07-01 14:39:10.761681,Completed
O0951,C0540,2025-07-02 14:39:10.761681,Pending
O0952,C0718,2024-08-17 14:39:10.761681,Completed
O0953,C0387,2026-02-04 14:39:10.761681,Completed
O0954,C0228,2024-11-13 14:39:10.761681,Completed
O0955,C0640,2025-05-27 14:39:10.761681,Completed
O0956,C0767,2025-01-29 14:39:10.761681,Shipped
O0957,C0475,2023-05-01 14:39:10.761681,Pending
O0958,C0724,2025-05-03 14:39:10.761681,Completed
O0959,C0751,2022-11-16 14:39:10.761681,Completed
O0960,C0207,2024-02-27 14:39:10.761681,Completed
O0961,C0318,2022-12-08 14:39:10.761681,Cancelled
O0962,C0795,2025-10-19 14:39:10.761681,Completed
O0963,C0757,2024-08-15 14:39:10.761681,Shipped
O0964,C0557,2024-07-21 14:39:10.761681,Completed
O0965,C0617,2024-11-25 14:39:10.761681,Completed
O0966,C0348,2023-10-02 14:39:10.761681,Processing
O0967,C0793,2025-10-11 14:39:10.761681,Shipped
O0968,C0234,2025-07-28 14:39:10.761681,Completed
O0969,C0701,2023-06-15 14:39:10.761681,Processing
O0970,C0044,2025-05-23 14:39:10.761681,Pending
O0971,C0737,2023-08-23 14:39:10.761681,Processing
O0972,C0942,2025-10-27 14:39:10.761681,Cancelled
O0973,C0142,2024-11-04 14:39:10.761681,Cancelled
O0974,C0648,2024-06-07 14:39:10.761681,Processing
O0975,C0176,2025-09-10 14:39:10.761681,Completed
O0976,C0654,2024-04-13 14:39:10.761681,Cancelled
O0977,C0449,2024-08-01 14:39:10.761681,Completed
O0978,C0592,2025-03-05 14:39:10.761681,Completed
O0979,C0082,2025-11-29 14:39:10.761681,Completed
O0980,C0135,2025-10-28 14:39:10.761681,Completed
O0981,C0719,2025-02-17 14:39:10.761681,Cancelled
O0982,C0856,2025-10-07 14:39:10.761681,Cancelled
O0983,C0177,2026-01-24 14:39:10.761681,Cancelled
O0984,C0383,2023-10-31 14:39:10.761681,Completed
O0985,C0243,2025-10-20 14:39:10.761681,Completed
O0986,C0567,2024-12-11 14:39:10.761681,Processing
O0987,C0141,2022-09-21 14:39:10.761681,Completed
O0988,C0457,2025-10-27 14:39:10.761681,Cancelled
O0989,C0440,2025-02-18 14:39:10.761681,Processing
O0990,C0056,2025-08-07 14:39:10.761681,Processing
O0991,C0527,2024-08-28 14:39:10.761681,Pending
O0992,C0697,2025-04-07 14:39:10.761681,Processing
O0993,C0826,2025-05-05 14:39:10.761681,Completed
O0994,C0419,2025-07-19 14:39:10.761681,Processing
O0995,C0088,2025-11-08 14:39:10.761681,Completed
O0996,C0609,2024-05-12 14:39:10.761681,Completed
O0997,C0656,2025-12-25 14:39:10.761681,Completed
O0998,C0008,2025-08-21 14:39:10.761681,Processing
O0999,C0477,2026-01-04 14:39:10.761681,Completed
O1000,C0215,2024-08-24 14:39:10.761681,Completed
