CREATE DATABASE  IF NOT EXISTS `ecommerce_analysis` /*!40100 DEFAULT CHARACTER SET utf8mb4 COLLATE utf8mb4_0900_ai_ci */ /*!80016 DEFAULT ENCRYPTION='N' */;
USE `ecommerce_analysis`;
-- MySQL dump 10.13  Distrib 8.0.43, for Win64 (x86_64)
--
-- Host: localhost    Database: ecommerce_analysis
-- ------------------------------------------------------
-- Server version	8.0.43

/*!40101 SET @OLD_CHARACTER_SET_CLIENT=@@CHARACTER_SET_CLIENT */;
/*!40101 SET @OLD_CHARACTER_SET_RESULTS=@@CHARACTER_SET_RESULTS */;
/*!40101 SET @OLD_COLLATION_CONNECTION=@@COLLATION_CONNECTION */;
/*!50503 SET NAMES utf8 */;
/*!40103 SET @OLD_TIME_ZONE=@@TIME_ZONE */;
/*!40103 SET TIME_ZONE='+00:00' */;
/*!40014 SET @OLD_UNIQUE_CHECKS=@@UNIQUE_CHECKS, UNIQUE_CHECKS=0 */;
/*!40014 SET @OLD_FOREIGN_KEY_CHECKS=@@FOREIGN_KEY_CHECKS, FOREIGN_KEY_CHECKS=0 */;
/*!40101 SET @OLD_SQL_MODE=@@SQL_MODE, SQL_MODE='NO_AUTO_VALUE_ON_ZERO' */;
/*!40111 SET @OLD_SQL_NOTES=@@SQL_NOTES, SQL_NOTES=0 */;

--
-- Table structure for table `customers`
--

DROP TABLE IF EXISTS `customers`;
/*!40101 SET @saved_cs_client     = @@character_set_client */;
/*!50503 SET character_set_client = utf8mb4 */;
CREATE TABLE `customers` (
  `customer_id` varchar(10) NOT NULL,
  `signup_date` date DEFAULT NULL,
  `gender` varchar(10) DEFAULT NULL,
  `region` varchar(20) DEFAULT NULL,
  PRIMARY KEY (`customer_id`)
) ENGINE=InnoDB DEFAULT CHARSET=utf8mb4 COLLATE=utf8mb4_0900_ai_ci;
/*!40101 SET character_set_client = @saved_cs_client */;

--
-- Dumping data for table `customers`
--

LOCK TABLES `customers` WRITE;
/*!40000 ALTER TABLE `customers` DISABLE KEYS */;
INSERT INTO `customers` VALUES ('C0001','2021-02-16','Female','East'),('C0002','2024-10-08','Male','North'),('C0003','2025-07-09','Female','West'),('C0004','2021-09-08','Male','West'),('C0005','2022-01-09','Female','East'),('C0006','2026-01-09','Male','North'),('C0007','2022-11-27','Female','West'),('C0008','2024-02-14','Female','South'),('C0009','2025-11-21','Male','East'),('C0010','2025-03-24','Male','West'),('C0011','2022-02-13','Female','South'),('C0012','2023-10-08','Male','West'),('C0013','2023-01-15','Male','South'),('C0014','2024-06-12','Male','East'),('C0015','2025-05-15','Male','West'),('C0016','2022-05-16','Female','West'),('C0017','2024-02-22','Female','North'),('C0018','2024-08-19','Male','East'),('C0019','2025-09-10','Male','South'),('C0020','2025-06-18','Male','West'),('C0021','2022-06-08','Male','West'),('C0022','2025-05-16','Female','South'),('C0023','2021-03-23','Female','East'),('C0024','2024-09-08','Male','North'),('C0025','2023-03-24','Male','North'),('C0026','2023-12-11','Male','West'),('C0027','2023-01-16','Female','South'),('C0028','2022-03-12','Male','West'),('C0029','2026-01-27','Female','South'),('C0030','2023-10-13','Male','North'),('C0031','2024-02-19','Female','East'),('C0032','2021-10-12','Male','South'),('C0033','2022-03-02','Female','North'),('C0034','2026-01-15','Male','West'),('C0035','2022-01-05','Male','South'),('C0036','2022-10-26','Male','East'),('C0037','2025-04-27','Female','West'),('C0038','2021-06-21','Male','West'),('C0039','2023-07-07','Female','North'),('C0040','2022-12-24','Female','South'),('C0041','2025-04-06','Male','West'),('C0042','2023-05-12','Male','East'),('C0043','2023-02-01','Male','South'),('C0044','2025-03-16','Female','East'),('C0045','2022-09-21','Male','West'),('C0046','2024-07-05','Female','East'),('C0047','2023-10-22','Female','North'),('C0048','2022-02-11','Male','East'),('C0049','2023-08-28','Male','South'),('C0050','2023-10-27','Male','East'),('C0051','2022-03-13','Male','East'),('C0052','2025-02-10','Male','North'),('C0053','2025-03-29','Male','East'),('C0054','2022-10-12','Female','East'),('C0055','2024-08-24','Female','West'),('C0056','2025-05-04','Female','West'),('C0057','2024-05-02','Male','South'),('C0058','2024-04-25','Female','West'),('C0059','2023-10-27','Female','West'),('C0060','2022-10-17','Female','West'),('C0061','2021-08-11','Female','West'),('C0062','2024-03-02','Female','North'),('C0063','2021-06-15','Male','West'),('C0064','2023-04-20','Male','North'),('C0065','2024-05-14','Female','North'),('C0066','2023-08-29','Female','West'),('C0067','2023-10-18','Female','East'),('C0068','2021-08-06','Male','North'),('C0069','2023-10-15','Male','East'),('C0070','2022-02-03','Female','East'),('C0071','2021-03-15','Male','West'),('C0072','2025-05-05','Male','South'),('C0073','2022-06-16','Female','West'),('C0074','2025-04-24','Male','South'),('C0075','2024-11-08','Male','South'),('C0076','2023-10-14','Female','West'),('C0077','2023-08-14','Male','West'),('C0078','2024-12-26','Male','South'),('C0079','2023-01-27','Female','West'),('C0080','2024-05-04','Male','South'),('C0081','2021-02-20','Male','East'),('C0082','2022-06-12','Female','West'),('C0083','2025-01-24','Female','East'),('C0084','2024-03-12','Female','North'),('C0085','2023-07-18','Male','East'),('C0086','2025-02-17','Female','East'),('C0087','2021-12-12','Male','South'),('C0088','2023-02-13','Female','East'),('C0089','2024-05-13','Male','West'),('C0090','2022-08-04','Female','South'),('C0091','2022-03-25','Female','North'),('C0092','2021-10-13','Female','West'),('C0093','2023-03-05','Female','North'),('C0094','2026-01-14','Male','East'),('C0095','2024-04-14','Female','West'),('C0096','2024-08-25','Female','West'),('C0097','2025-01-14','Male','North'),('C0098','2025-07-25','Female','West'),('C0099','2025-12-03','Male','West'),('C0100','2024-01-03','Female','West'),('C0101','2023-04-29','Female','East'),('C0102','2021-03-05','Female','North'),('C0103','2023-09-20','Male','West'),('C0104','2022-05-27','Female','South'),('C0105','2021-12-19','Female','South'),('C0106','2021-10-07','Female','South'),('C0107','2023-02-22','Male','South'),('C0108','2023-01-02','Male','East'),('C0109','2021-11-03','Female','West'),('C0110','2025-02-07','Male','North'),('C0111','2025-12-12','Female','West'),('C0112','2024-07-21','Female','East'),('C0113','2022-02-16','Female','South'),('C0114','2021-10-28','Female','East'),('C0115','2023-08-19','Female','West'),('C0116','2023-08-14','Female','North'),('C0117','2024-11-18','Female','East'),('C0118','2022-01-10','Male','North'),('C0119','2022-02-28','Male','East'),('C0120','2022-09-04','Male','North'),('C0121','2025-10-14','Male','North'),('C0122','2021-02-07','Male','South'),('C0123','2025-01-27','Male','North'),('C0124','2024-04-15','Male','South'),('C0125','2022-02-15','Female','West'),('C0126','2025-09-25','Female','West'),('C0127','2021-12-25','Female','South'),('C0128','2021-06-30','Female','South'),('C0129','2021-11-24','Male','East'),('C0130','2025-09-20','Male','East'),('C0131','2022-04-12','Female','East'),('C0132','2023-01-10','Female','West'),('C0133','2023-09-11','Male','East'),('C0134','2022-09-12','Female','North'),('C0135','2022-03-10','Female','North'),('C0136','2023-05-02','Female','East'),('C0137','2024-11-03','Female','North'),('C0138','2023-09-26','Male','West'),('C0139','2024-04-13','Female','North'),('C0140','2021-08-10','Female','West'),('C0141','2021-04-06','Male','South'),('C0142','2023-09-01','Male','South'),('C0143','2024-12-09','Female','South'),('C0144','2023-01-15','Male','South'),('C0145','2023-04-22','Female','North'),('C0146','2025-02-07','Female','East'),('C0147','2024-10-09','Male','North'),('C0148','2024-09-22','Female','West'),('C0149','2024-11-03','Female','North'),('C0150','2021-02-15','Female','North'),('C0151','2024-01-26','Female','West'),('C0152','2021-09-18','Male','South'),('C0153','2024-04-26','Male','South'),('C0154','2025-11-05','Female','South'),('C0155','2022-08-22','Male','East'),('C0156','2023-03-18','Female','West'),('C0157','2025-06-18','Female','West'),('C0158','2025-07-01','Female','North'),('C0159','2025-09-15','Female','East'),('C0160','2025-06-22','Female','South'),('C0161','2024-09-30','Male','East'),('C0162','2023-07-09','Female','West'),('C0163','2024-07-25','Male','West'),('C0164','2025-04-01','Male','North'),('C0165','2024-11-25','Female','North'),('C0166','2024-10-20','Female','West'),('C0167','2024-03-11','Female','South'),('C0168','2021-09-18','Female','South'),('C0169','2023-05-10','Female','East'),('C0170','2021-09-10','Male','West'),('C0171','2023-08-30','Female','West'),('C0172','2023-02-27','Female','South'),('C0173','2022-06-25','Male','South'),('C0174','2021-10-21','Male','West'),('C0175','2026-01-07','Female','North'),('C0176','2025-04-25','Male','West'),('C0177','2026-01-06','Female','West'),('C0178','2021-03-30','Male','South'),('C0179','2024-01-11','Male','South'),('C0180','2023-02-01','Female','North'),('C0181','2022-12-25','Male','North'),('C0182','2025-04-29','Male','East'),('C0183','2024-03-03','Male','West'),('C0184','2023-12-15','Male','South'),('C0185','2025-12-17','Male','North'),('C0186','2025-06-20','Male','East'),('C0187','2025-03-29','Female','East'),('C0188','2022-03-30','Female','South'),('C0189','2022-12-26','Male','South'),('C0190','2023-06-04','Female','East'),('C0191','2021-04-07','Female','North'),('C0192','2024-04-18','Female','East'),('C0193','2021-09-08','Male','West'),('C0194','2021-02-07','Female','West'),('C0195','2021-07-14','Male','South'),('C0196','2025-12-03','Female','North'),('C0197','2023-03-27','Male','North'),('C0198','2024-03-24','Male','West'),('C0199','2023-07-17','Female','East'),('C0200','2024-02-22','Female','South'),('C0201','2021-12-30','Male','East'),('C0202','2022-09-07','Female','East'),('C0203','2024-11-16','Female','East'),('C0204','2025-07-27','Female','North'),('C0205','2024-08-18','Male','West'),('C0206','2025-08-03','Male','North'),('C0207','2023-09-14','Female','West'),('C0208','2024-10-13','Female','South'),('C0209','2022-11-01','Female','South'),('C0210','2023-10-20','Male','East'),('C0211','2025-05-19','Male','West'),('C0212','2025-09-04','Female','West'),('C0213','2024-06-07','Female','West'),('C0214','2023-08-14','Female','East'),('C0215','2023-02-12','Female','East'),('C0216','2024-10-22','Female','South'),('C0217','2021-07-24','Female','North'),('C0218','2022-07-10','Male','West'),('C0219','2025-03-02','Female','West'),('C0220','2021-03-16','Male','North'),('C0221','2025-05-15','Female','West'),('C0222','2024-08-12','Female','East'),('C0223','2024-12-24','Male','East'),('C0224','2023-09-17','Male','West'),('C0225','2024-07-08','Male','East'),('C0226','2023-10-16','Male','East'),('C0227','2024-03-28','Female','West'),('C0228','2023-10-07','Male','South'),('C0229','2021-03-14','Female','North'),('C0230','2021-12-29','Male','East'),('C0231','2024-08-02','Female','South'),('C0232','2024-05-19','Female','East'),('C0233','2025-07-19','Female','East'),('C0234','2023-08-07','Female','North'),('C0235','2022-05-04','Female','East'),('C0236','2021-03-13','Female','North'),('C0237','2024-10-06','Male','North'),('C0238','2025-10-13','Female','North'),('C0239','2023-10-05','Male','South'),('C0240','2023-04-11','Male','West'),('C0241','2023-10-05','Female','South'),('C0242','2022-09-20','Male','West'),('C0243','2024-03-18','Female','West'),('C0244','2024-01-04','Male','North'),('C0245','2024-09-21','Female','East'),('C0246','2021-09-16','Male','North'),('C0247','2021-12-19','Female','East'),('C0248','2022-01-19','Female','West'),('C0249','2021-05-30','Female','North'),('C0250','2023-01-03','Female','East'),('C0251','2024-10-13','Male','South'),('C0252','2025-06-15','Female','East'),('C0253','2024-01-04','Male','North'),('C0254','2021-03-16','Male','South'),('C0255','2025-12-13','Male','East'),('C0256','2024-09-09','Female','East'),('C0257','2024-08-13','Male','East'),('C0258','2021-09-08','Male','East'),('C0259','2024-04-20','Male','East'),('C0260','2022-01-06','Female','South'),('C0261','2024-05-11','Female','West'),('C0262','2021-05-07','Male','South'),('C0263','2022-01-23','Female','South'),('C0264','2022-08-29','Female','South'),('C0265','2025-06-18','Male','West'),('C0266','2023-05-01','Male','North'),('C0267','2025-10-06','Female','West'),('C0268','2023-03-27','Male','South'),('C0269','2022-02-02','Female','East'),('C0270','2022-08-15','Female','East'),('C0271','2024-11-04','Female','South'),('C0272','2025-10-18','Female','East'),('C0273','2024-05-13','Female','South'),('C0274','2022-01-26','Female','East'),('C0275','2021-08-14','Male','West'),('C0276','2025-09-22','Male','North'),('C0277','2022-04-02','Female','North'),('C0278','2023-01-05','Female','West'),('C0279','2021-02-11','Female','West'),('C0280','2021-06-17','Male','South'),('C0281','2025-12-11','Female','South'),('C0282','2022-08-15','Male','South'),('C0283','2023-05-11','Female','East'),('C0284','2023-03-07','Female','South'),('C0285','2023-12-26','Male','West'),('C0286','2022-07-24','Male','North'),('C0287','2022-04-06','Female','East'),('C0288','2024-12-23','Female','South'),('C0289','2022-12-08','Female','East'),('C0290','2022-02-02','Male','East'),('C0291','2025-02-04','Male','South'),('C0292','2025-09-25','Male','East'),('C0293','2025-05-29','Male','North'),('C0294','2021-04-27','Male','West'),('C0295','2022-01-26','Male','West'),('C0296','2024-08-09','Female','North'),('C0297','2025-11-12','Female','East'),('C0298','2022-09-16','Male','South'),('C0299','2025-05-02','Female','East'),('C0300','2021-11-26','Female','North'),('C0301','2024-07-06','Male','East'),('C0302','2025-05-03','Female','West'),('C0303','2024-01-10','Male','East'),('C0304','2025-09-22','Male','North'),('C0305','2024-03-17','Female','West'),('C0306','2024-07-15','Male','East'),('C0307','2021-02-21','Male','East'),('C0308','2022-01-30','Male','West'),('C0309','2024-07-05','Male','South'),('C0310','2023-06-20','Male','West'),('C0311','2023-01-05','Male','South'),('C0312','2022-04-28','Male','North'),('C0313','2023-06-10','Male','North'),('C0314','2022-02-04','Female','West'),('C0315','2022-12-11','Female','West'),('C0316','2023-11-09','Female','North'),('C0317','2024-10-16','Male','South'),('C0318','2022-05-17','Male','North'),('C0319','2022-03-25','Female','West'),('C0320','2025-02-22','Female','North'),('C0321','2022-09-13','Female','West'),('C0322','2024-07-15','Male','West'),('C0323','2024-07-06','Female','North'),('C0324','2023-10-26','Female','South'),('C0325','2025-01-10','Male','East'),('C0326','2022-08-30','Female','North'),('C0327','2022-01-05','Male','East'),('C0328','2024-07-04','Male','North'),('C0329','2021-03-13','Male','East'),('C0330','2023-10-21','Female','South'),('C0331','2021-11-09','Female','South'),('C0332','2024-06-08','Male','North'),('C0333','2023-08-09','Female','West'),('C0334','2022-06-03','Female','East'),('C0335','2024-07-24','Female','West'),('C0336','2024-10-14','Female','West'),('C0337','2023-02-05','Male','West'),('C0338','2021-08-15','Female','South'),('C0339','2023-12-12','Male','North'),('C0340','2022-07-13','Male','North'),('C0341','2023-08-11','Female','South'),('C0342','2022-03-12','Male','South'),('C0343','2023-07-10','Female','North'),('C0344','2023-01-10','Female','West'),('C0345','2021-02-26','Male','East'),('C0346','2022-05-24','Male','East'),('C0347','2024-03-24','Male','East'),('C0348','2021-09-02','Male','West'),('C0349','2021-12-07','Female','North'),('C0350','2024-08-21','Female','South'),('C0351','2023-01-09','Female','North'),('C0352','2022-12-23','Male','West'),('C0353','2021-11-16','Male','South'),('C0354','2023-01-21','Male','West'),('C0355','2025-10-01','Female','East'),('C0356','2023-03-09','Male','East'),('C0357','2024-07-09','Female','West'),('C0358','2023-09-10','Male','South'),('C0359','2022-02-20','Female','South'),('C0360','2022-05-10','Female','North'),('C0361','2023-12-02','Male','East'),('C0362','2021-03-05','Male','North'),('C0363','2023-07-31','Female','North'),('C0364','2023-12-28','Female','West'),('C0365','2025-09-01','Male','West'),('C0366','2023-07-03','Male','North'),('C0367','2021-04-24','Female','East'),('C0368','2023-09-09','Male','West'),('C0369','2022-05-09','Female','North'),('C0370','2022-08-28','Female','North'),('C0371','2025-05-16','Male','North'),('C0372','2025-03-21','Male','North'),('C0373','2025-01-28','Male','North'),('C0374','2023-02-12','Male','North'),('C0375','2024-09-05','Male','West'),('C0376','2022-07-05','Female','East'),('C0377','2024-03-03','Female','North'),('C0378','2022-03-08','Male','South'),('C0379','2025-03-28','Male','West'),('C0380','2021-03-15','Male','West'),('C0381','2024-08-22','Female','North'),('C0382','2023-07-11','Male','West'),('C0383','2023-04-12','Male','North'),('C0384','2021-07-11','Female','East'),('C0385','2024-02-08','Female','East'),('C0386','2023-07-08','Male','West'),('C0387','2026-02-02','Male','West'),('C0388','2024-04-03','Male','South'),('C0389','2025-10-12','Female','West'),('C0390','2023-10-06','Male','South'),('C0391','2024-02-17','Male','East'),('C0392','2023-12-17','Male','East'),('C0393','2025-02-26','Female','North'),('C0394','2025-05-17','Female','East'),('C0395','2025-11-01','Male','South'),('C0396','2023-06-03','Male','West'),('C0397','2024-12-11','Female','North'),('C0398','2023-02-22','Female','South'),('C0399','2025-02-07','Female','West'),('C0400','2025-07-21','Female','North'),('C0401','2023-10-21','Female','East'),('C0402','2021-02-25','Female','South'),('C0403','2021-12-04','Female','West'),('C0404','2023-06-23','Female','North'),('C0405','2021-04-29','Female','North'),('C0406','2026-01-07','Male','East'),('C0407','2025-09-14','Male','West'),('C0408','2025-02-20','Male','East'),('C0409','2024-12-16','Female','East'),('C0410','2025-04-15','Male','West'),('C0411','2024-08-08','Female','West'),('C0412','2022-08-28','Female','West'),('C0413','2023-08-27','Male','South'),('C0414','2025-05-05','Female','West'),('C0415','2024-05-05','Male','North'),('C0416','2024-05-06','Male','East'),('C0417','2023-11-10','Male','South'),('C0418','2023-04-08','Female','West'),('C0419','2023-04-07','Male','South'),('C0420','2025-05-02','Female','West'),('C0421','2026-01-19','Male','South'),('C0422','2024-08-22','Male','East'),('C0423','2022-06-11','Male','East'),('C0424','2021-08-31','Female','North'),('C0425','2025-05-17','Female','North'),('C0426','2025-07-01','Female','West'),('C0427','2024-01-24','Male','East'),('C0428','2022-04-10','Male','South'),('C0429','2023-10-17','Female','South'),('C0430','2025-09-12','Female','South'),('C0431','2025-07-22','Female','North'),('C0432','2024-09-29','Female','South'),('C0433','2022-07-09','Female','North'),('C0434','2022-09-18','Female','North'),('C0435','2023-12-22','Male','West'),('C0436','2025-10-11','Female','South'),('C0437','2025-06-09','Male','South'),('C0438','2021-08-22','Male','East'),('C0439','2022-02-26','Female','West'),('C0440','2022-01-19','Female','East'),('C0441','2023-09-22','Male','West'),('C0442','2022-12-29','Female','South'),('C0443','2025-05-14','Female','North'),('C0444','2022-02-17','Male','North'),('C0445','2023-07-23','Male','North'),('C0446','2023-08-09','Male','North'),('C0447','2025-06-05','Female','North'),('C0448','2022-07-16','Male','East'),('C0449','2024-04-26','Female','West'),('C0450','2023-02-08','Male','South'),('C0451','2021-08-29','Male','East'),('C0452','2022-05-05','Male','West'),('C0453','2024-08-24','Female','North'),('C0454','2024-07-18','Female','West'),('C0455','2025-12-04','Male','West'),('C0456','2022-07-10','Male','North'),('C0457','2025-10-03','Male','North'),('C0458','2023-11-18','Female','North'),('C0459','2023-09-18','Male','South'),('C0460','2023-01-31','Female','North'),('C0461','2023-11-15','Male','South'),('C0462','2022-06-20','Male','North'),('C0463','2021-06-01','Male','South'),('C0464','2022-02-25','Male','West'),('C0465','2024-11-03','Male','East'),('C0466','2022-09-11','Male','West'),('C0467','2022-03-06','Female','West'),('C0468','2024-01-28','Male','North'),('C0469','2025-11-11','Female','South'),('C0470','2023-01-26','Male','East'),('C0471','2021-04-17','Male','North'),('C0472','2026-01-22','Female','North'),('C0473','2021-11-05','Male','North'),('C0474','2024-10-10','Female','West'),('C0475','2022-01-08','Female','South'),('C0476','2024-11-25','Male','South'),('C0477','2025-04-03','Female','East'),('C0478','2022-10-04','Female','South'),('C0479','2021-07-20','Male','South'),('C0480','2025-05-22','Female','North'),('C0481','2021-02-15','Male','North'),('C0482','2024-09-21','Male','West'),('C0483','2023-02-03','Male','North'),('C0484','2023-04-16','Male','North'),('C0485','2021-05-17','Female','North'),('C0486','2025-01-23','Male','North'),('C0487','2024-12-21','Male','West'),('C0488','2023-03-25','Female','North'),('C0489','2021-09-06','Male','East'),('C0490','2025-10-16','Male','East'),('C0491','2024-02-21','Female','East'),('C0492','2025-05-31','Female','East'),('C0493','2022-03-12','Female','North'),('C0494','2022-09-15','Female','East'),('C0495','2023-07-13','Female','North'),('C0496','2024-01-10','Female','West'),('C0497','2025-09-27','Female','East'),('C0498','2025-03-02','Male','South'),('C0499','2022-09-19','Female','East'),('C0500','2024-09-30','Female','East'),('C0501','2024-02-19','Female','North'),('C0502','2021-05-07','Male','East'),('C0503','2025-09-15','Male','South'),('C0504','2022-12-09','Female','North'),('C0505','2023-01-19','Female','North'),('C0506','2023-08-29','Female','West'),('C0507','2021-10-04','Male','West'),('C0508','2021-02-06','Male','East'),('C0509','2021-09-17','Female','West'),('C0510','2023-04-16','Male','West'),('C0511','2025-12-09','Female','West'),('C0512','2022-09-16','Male','North'),('C0513','2021-05-31','Male','North'),('C0514','2025-09-21','Female','North'),('C0515','2023-08-11','Female','West'),('C0516','2024-03-07','Female','North'),('C0517','2021-08-17','Female','West'),('C0518','2024-05-09','Male','North'),('C0519','2023-06-25','Male','North'),('C0520','2021-05-05','Male','South'),('C0521','2025-10-11','Female','East'),('C0522','2021-06-06','Male','West'),('C0523','2021-06-27','Female','South'),('C0524','2023-10-26','Male','North'),('C0525','2021-05-21','Female','West'),('C0526','2023-07-11','Female','North'),('C0527','2022-04-08','Male','East'),('C0528','2024-09-25','Female','South'),('C0529','2021-12-18','Female','East'),('C0530','2022-11-01','Male','South'),('C0531','2021-02-13','Female','North'),('C0532','2023-03-20','Female','East'),('C0533','2024-02-06','Female','East'),('C0534','2024-11-18','Male','North'),('C0535','2021-09-15','Male','East'),('C0536','2025-01-14','Female','West'),('C0537','2022-08-11','Male','South'),('C0538','2024-11-29','Female','South'),('C0539','2023-01-21','Female','South'),('C0540','2024-08-15','Female','West'),('C0541','2025-10-15','Female','South'),('C0542','2024-10-08','Female','North'),('C0543','2024-02-17','Male','East'),('C0544','2024-10-08','Female','West'),('C0545','2021-05-26','Male','South'),('C0546','2021-10-13','Male','North'),('C0547','2022-02-22','Female','East'),('C0548','2021-02-11','Female','East'),('C0549','2022-05-09','Male','West'),('C0550','2024-02-17','Male','West'),('C0551','2021-08-31','Male','West'),('C0552','2023-07-24','Female','North'),('C0553','2024-12-19','Male','North'),('C0554','2024-10-04','Female','West'),('C0555','2021-02-26','Female','South'),('C0556','2022-03-21','Female','East'),('C0557','2023-07-19','Male','East'),('C0558','2022-07-04','Female','North'),('C0559','2024-03-31','Female','East'),('C0560','2023-04-24','Female','South'),('C0561','2025-10-25','Female','East'),('C0562','2023-06-28','Female','North'),('C0563','2021-02-18','Male','North'),('C0564','2023-10-03','Female','South'),('C0565','2023-10-10','Female','South'),('C0566','2023-11-15','Male','East'),('C0567','2023-12-07','Female','East'),('C0568','2021-05-02','Male','North'),('C0569','2025-05-02','Female','South'),('C0570','2023-08-02','Male','South'),('C0571','2025-05-15','Male','South'),('C0572','2024-09-21','Female','East'),('C0573','2024-07-25','Female','South'),('C0574','2021-06-06','Female','North'),('C0575','2024-04-20','Male','North'),('C0576','2025-06-14','Male','East'),('C0577','2023-02-24','Male','West'),('C0578','2024-11-15','Female','East'),('C0579','2022-12-21','Male','West'),('C0580','2025-11-27','Male','South'),('C0581','2025-08-17','Female','East'),('C0582','2021-12-10','Male','North'),('C0583','2022-12-31','Male','South'),('C0584','2021-11-19','Female','North'),('C0585','2021-12-08','Male','South'),('C0586','2025-07-11','Female','East'),('C0587','2023-08-07','Female','West'),('C0588','2025-11-17','Female','South'),('C0589','2022-11-28','Female','West'),('C0590','2022-08-07','Female','South'),('C0591','2024-11-11','Male','North'),('C0592','2021-12-13','Male','North'),('C0593','2023-06-27','Female','South'),('C0594','2024-01-23','Female','West'),('C0595','2025-08-29','Male','East'),('C0596','2023-08-17','Female','East'),('C0597','2025-11-08','Female','North'),('C0598','2023-03-01','Female','East'),('C0599','2021-03-11','Male','North'),('C0600','2022-04-25','Male','East'),('C0601','2021-05-08','Female','South'),('C0602','2024-06-19','Female','North'),('C0603','2022-01-23','Male','North'),('C0604','2023-07-27','Male','South'),('C0605','2024-10-22','Female','North'),('C0606','2023-06-16','Female','East'),('C0607','2025-11-19','Male','East'),('C0608','2021-07-13','Male','North'),('C0609','2023-09-19','Male','East'),('C0610','2021-02-28','Female','West'),('C0611','2022-03-15','Male','North'),('C0612','2023-04-20','Female','South'),('C0613','2022-07-05','Male','West'),('C0614','2023-02-06','Male','North'),('C0615','2024-11-23','Male','South'),('C0616','2024-12-11','Male','East'),('C0617','2022-07-21','Female','South'),('C0618','2023-09-18','Female','West'),('C0619','2021-07-06','Male','East'),('C0620','2025-06-09','Female','North'),('C0621','2025-10-14','Male','East'),('C0622','2023-09-09','Male','North'),('C0623','2022-10-05','Male','North'),('C0624','2025-08-03','Male','South'),('C0625','2022-03-31','Female','South'),('C0626','2024-08-01','Male','South'),('C0627','2024-03-21','Male','West'),('C0628','2023-06-20','Female','West'),('C0629','2025-04-20','Male','South'),('C0630','2025-12-04','Male','West'),('C0631','2022-09-05','Male','East'),('C0632','2022-01-05','Female','East'),('C0633','2025-01-16','Male','West'),('C0634','2023-08-25','Female','West'),('C0635','2026-01-07','Male','East'),('C0636','2021-11-26','Male','North'),('C0637','2023-03-01','Female','East'),('C0638','2024-11-30','Male','East'),('C0639','2021-08-09','Male','West'),('C0640','2024-07-28','Female','East'),('C0641','2022-11-03','Female','West'),('C0642','2024-08-19','Female','West'),('C0643','2025-08-29','Female','South'),('C0644','2024-07-19','Female','East'),('C0645','2022-07-19','Male','North'),('C0646','2025-05-30','Female','South'),('C0647','2021-02-25','Male','West'),('C0648','2023-08-04','Male','West'),('C0649','2025-12-01','Male','North'),('C0650','2023-06-21','Female','West'),('C0651','2023-04-09','Female','East'),('C0652','2025-04-28','Male','South'),('C0653','2021-05-15','Female','West'),('C0654','2023-02-26','Female','West'),('C0655','2022-05-28','Female','North'),('C0656','2025-07-16','Female','East'),('C0657','2024-09-18','Male','West'),('C0658','2023-09-02','Male','North'),('C0659','2022-07-15','Female','West'),('C0660','2022-01-04','Male','North'),('C0661','2021-02-06','Female','North'),('C0662','2022-02-14','Female','East'),('C0663','2021-11-24','Male','West'),('C0664','2023-05-22','Male','East'),('C0665','2023-11-06','Male','North'),('C0666','2022-08-11','Female','South'),('C0667','2021-12-19','Male','West'),('C0668','2025-04-10','Female','South'),('C0669','2022-02-20','Male','West'),('C0670','2025-08-09','Male','East'),('C0671','2021-02-18','Female','East'),('C0672','2022-06-23','Female','East'),('C0673','2021-09-23','Female','East'),('C0674','2024-02-17','Female','East'),('C0675','2021-06-14','Female','South'),('C0676','2025-12-07','Female','East'),('C0677','2023-05-23','Female','North'),('C0678','2024-04-18','Female','North'),('C0679','2023-07-15','Male','South'),('C0680','2021-03-04','Female','West'),('C0681','2021-04-11','Female','North'),('C0682','2024-05-06','Male','West'),('C0683','2024-07-11','Female','South'),('C0684','2021-10-23','Male','West'),('C0685','2025-02-16','Male','West'),('C0686','2025-01-22','Female','West'),('C0687','2022-05-10','Male','West'),('C0688','2025-10-01','Female','South'),('C0689','2021-12-02','Male','North'),('C0690','2023-08-12','Male','East'),('C0691','2024-09-23','Male','West'),('C0692','2021-11-18','Female','North'),('C0693','2024-12-24','Female','North'),('C0694','2023-12-05','Male','South'),('C0695','2025-11-01','Male','North'),('C0696','2022-10-27','Female','South'),('C0697','2021-11-01','Female','West'),('C0698','2022-09-19','Male','West'),('C0699','2025-07-22','Male','East'),('C0700','2026-01-11','Female','East'),('C0701','2023-05-29','Female','East'),('C0702','2023-06-16','Female','North'),('C0703','2024-11-20','Female','West'),('C0704','2024-08-08','Female','South'),('C0705','2021-06-17','Male','East'),('C0706','2024-08-27','Female','South'),('C0707','2026-01-09','Male','South'),('C0708','2025-10-08','Female','East'),('C0709','2023-10-04','Male','West'),('C0710','2022-07-02','Female','East'),('C0711','2021-12-14','Female','South'),('C0712','2022-09-03','Male','East'),('C0713','2023-07-10','Male','South'),('C0714','2024-09-04','Female','South'),('C0715','2024-03-25','Female','East'),('C0716','2024-03-11','Female','North'),('C0717','2022-12-23','Female','East'),('C0718','2024-06-16','Female','North'),('C0719','2021-07-19','Male','South'),('C0720','2021-12-06','Male','South'),('C0721','2025-04-05','Female','North'),('C0722','2025-08-18','Male','South'),('C0723','2025-06-03','Male','North'),('C0724','2021-07-10','Male','North'),('C0725','2024-11-26','Female','South'),('C0726','2025-11-13','Male','West'),('C0727','2022-10-17','Female','North'),('C0728','2024-08-02','Male','East'),('C0729','2023-09-19','Female','East'),('C0730','2022-01-04','Male','South'),('C0731','2025-08-28','Female','West'),('C0732','2023-10-01','Female','South'),('C0733','2022-06-30','Male','West'),('C0734','2024-09-13','Female','North'),('C0735','2023-12-15','Female','North'),('C0736','2021-11-13','Female','North'),('C0737','2023-04-12','Female','North'),('C0738','2023-11-26','Female','East'),('C0739','2021-06-03','Female','East'),('C0740','2023-12-30','Female','South'),('C0741','2021-08-21','Female','West'),('C0742','2022-06-04','Male','North'),('C0743','2025-12-21','Male','North'),('C0744','2024-01-23','Female','West'),('C0745','2023-05-22','Female','West'),('C0746','2024-05-04','Male','South'),('C0747','2023-11-10','Male','West'),('C0748','2022-12-27','Male','North'),('C0749','2024-06-18','Female','North'),('C0750','2023-12-07','Male','North'),('C0751','2022-06-09','Female','North'),('C0752','2021-11-07','Female','North'),('C0753','2022-12-29','Male','South'),('C0754','2021-10-04','Female','North'),('C0755','2024-06-28','Female','South'),('C0756','2024-08-02','Female','North'),('C0757','2021-06-10','Female','East'),('C0758','2021-09-09','Male','East'),('C0759','2024-09-26','Male','East'),('C0760','2026-01-30','Female','East'),('C0761','2024-05-28','Female','South'),('C0762','2024-01-03','Male','South'),('C0763','2024-07-05','Female','West'),('C0764','2024-05-27','Male','North'),('C0765','2022-06-14','Female','East'),('C0766','2022-04-07','Female','South'),('C0767','2024-05-21','Male','North'),('C0768','2023-08-12','Male','North'),('C0769','2025-01-26','Male','South'),('C0770','2024-09-14','Male','East'),('C0771','2021-07-05','Female','West'),('C0772','2022-02-23','Male','North'),('C0773','2025-08-24','Female','West'),('C0774','2021-12-09','Male','East'),('C0775','2024-10-26','Male','East'),('C0776','2023-02-20','Female','West'),('C0777','2023-07-16','Male','East'),('C0778','2022-02-14','Male','North'),('C0779','2023-12-03','Male','West'),('C0780','2024-10-31','Male','East'),('C0781','2021-06-13','Female','West'),('C0782','2023-11-16','Female','North'),('C0783','2026-01-09','Male','East'),('C0784','2022-12-05','Male','North'),('C0785','2024-11-11','Male','East'),('C0786','2024-11-17','Female','South'),('C0787','2022-07-06','Female','East'),('C0788','2025-04-03','Female','West'),('C0789','2021-05-01','Female','East'),('C0790','2024-05-18','Male','North'),('C0791','2024-06-05','Male','North'),('C0792','2021-12-12','Male','East'),('C0793','2024-03-23','Female','West'),('C0794','2024-06-30','Male','South'),('C0795','2022-04-07','Female','West'),('C0796','2025-01-12','Female','South'),('C0797','2021-05-29','Male','North'),('C0798','2024-04-18','Male','West'),('C0799','2025-05-16','Male','South'),('C0800','2025-09-03','Female','East'),('C0801','2021-12-04','Female','North'),('C0802','2023-02-18','Male','East'),('C0803','2022-09-15','Male','North'),('C0804','2023-10-19','Female','West'),('C0805','2022-01-15','Male','West'),('C0806','2023-04-29','Female','North'),('C0807','2023-04-16','Female','North'),('C0808','2023-11-26','Male','North'),('C0809','2024-04-20','Male','West'),('C0810','2024-09-07','Male','South'),('C0811','2025-09-09','Male','East'),('C0812','2024-01-17','Female','East'),('C0813','2024-09-24','Female','West'),('C0814','2024-02-02','Female','East'),('C0815','2022-01-31','Male','North'),('C0816','2025-07-19','Female','South'),('C0817','2024-07-02','Male','East'),('C0818','2023-11-11','Male','South'),('C0819','2023-01-09','Male','North'),('C0820','2022-09-02','Male','East'),('C0821','2025-07-02','Male','West'),('C0822','2024-05-04','Male','South'),('C0823','2025-10-06','Female','North'),('C0824','2024-02-22','Male','South'),('C0825','2022-12-24','Female','East'),('C0826','2023-03-27','Female','East'),('C0827','2022-09-12','Male','West'),('C0828','2025-12-21','Male','North'),('C0829','2022-09-16','Male','North'),('C0830','2024-05-02','Female','West'),('C0831','2022-06-08','Male','West'),('C0832','2023-10-03','Female','North'),('C0833','2024-10-14','Male','South'),('C0834','2025-07-27','Male','South'),('C0835','2024-12-10','Female','West'),('C0836','2024-03-06','Female','South'),('C0837','2022-06-13','Male','North'),('C0838','2025-08-30','Female','East'),('C0839','2025-07-31','Female','East'),('C0840','2021-02-23','Female','South'),('C0841','2025-02-21','Female','West'),('C0842','2025-03-21','Female','West'),('C0843','2025-07-11','Male','West'),('C0844','2022-03-08','Male','West'),('C0845','2023-11-02','Female','West'),('C0846','2024-08-30','Male','South'),('C0847','2023-06-05','Male','East'),('C0848','2024-11-24','Female','East'),('C0849','2024-10-21','Male','South'),('C0850','2025-08-27','Female','West'),('C0851','2024-11-03','Female','South'),('C0852','2023-05-07','Male','East'),('C0853','2022-05-05','Female','North'),('C0854','2025-07-18','Female','South'),('C0855','2023-01-30','Female','West'),('C0856','2025-09-10','Female','East'),('C0857','2024-01-29','Female','East'),('C0858','2024-02-09','Male','East'),('C0859','2023-01-16','Male','East'),('C0860','2021-06-27','Female','West'),('C0861','2023-08-10','Female','North'),('C0862','2023-05-13','Male','East'),('C0863','2022-10-02','Female','South'),('C0864','2025-03-12','Male','North'),('C0865','2025-01-15','Female','East'),('C0866','2021-12-06','Female','North'),('C0867','2023-02-10','Female','South'),('C0868','2025-04-05','Female','East'),('C0869','2021-11-22','Female','South'),('C0870','2021-05-17','Female','West'),('C0871','2024-08-18','Female','East'),('C0872','2023-06-21','Male','East'),('C0873','2023-09-30','Male','East'),('C0874','2025-08-08','Male','East'),('C0875','2023-10-06','Female','West'),('C0876','2023-05-27','Female','East'),('C0877','2023-09-24','Female','North'),('C0878','2023-09-04','Female','East'),('C0879','2026-01-10','Female','West'),('C0880','2023-11-28','Female','East'),('C0881','2021-04-30','Female','North'),('C0882','2026-01-27','Male','West'),('C0883','2021-12-29','Female','West'),('C0884','2023-05-01','Male','North'),('C0885','2025-02-17','Male','North'),('C0886','2022-05-04','Female','North'),('C0887','2022-10-26','Female','North'),('C0888','2024-07-03','Male','North'),('C0889','2024-04-27','Male','West'),('C0890','2022-12-01','Female','West'),('C0891','2021-02-16','Female','East'),('C0892','2024-04-06','Male','East'),('C0893','2021-12-05','Female','South'),('C0894','2024-09-13','Female','East'),('C0895','2023-10-07','Female','East'),('C0896','2024-09-20','Male','North'),('C0897','2025-12-04','Male','North'),('C0898','2023-03-29','Male','East'),('C0899','2021-03-19','Female','South'),('C0900','2023-09-06','Female','North'),('C0901','2022-01-13','Male','East'),('C0902','2024-10-16','Male','East'),('C0903','2022-06-17','Male','West'),('C0904','2022-02-03','Female','South'),('C0905','2023-07-15','Male','West'),('C0906','2022-04-07','Male','South'),('C0907','2023-11-06','Female','North'),('C0908','2021-02-25','Female','South'),('C0909','2022-03-18','Female','East'),('C0910','2022-10-16','Male','East'),('C0911','2023-11-16','Female','South'),('C0912','2022-01-06','Female','South'),('C0913','2024-03-21','Male','South'),('C0914','2024-03-28','Female','West'),('C0915','2022-03-10','Male','South'),('C0916','2023-04-08','Male','North'),('C0917','2023-01-20','Female','West'),('C0918','2021-03-27','Female','West'),('C0919','2026-01-16','Female','South'),('C0920','2021-12-25','Female','North'),('C0921','2023-04-04','Female','West'),('C0922','2021-06-25','Female','East'),('C0923','2022-05-20','Male','West'),('C0924','2023-04-02','Male','South'),('C0925','2024-10-24','Female','North'),('C0926','2023-09-26','Male','South'),('C0927','2023-11-09','Female','East'),('C0928','2022-02-12','Male','East'),('C0929','2025-06-11','Male','East'),('C0930','2022-06-13','Male','South'),('C0931','2025-05-17','Female','West'),('C0932','2025-09-24','Male','South'),('C0933','2023-02-25','Female','North'),('C0934','2024-04-29','Male','West'),('C0935','2021-11-22','Male','East'),('C0936','2025-09-03','Male','South'),('C0937','2024-04-17','Male','East'),('C0938','2021-05-21','Male','East'),('C0939','2025-01-18','Female','North'),('C0940','2022-12-06','Female','West'),('C0941','2025-09-13','Male','North'),('C0942','2021-02-06','Male','North'),('C0943','2022-09-16','Male','North'),('C0944','2022-11-10','Male','East'),('C0945','2021-05-05','Female','North'),('C0946','2024-11-04','Male','North'),('C0947','2022-01-20','Female','West'),('C0948','2025-02-26','Male','West'),('C0949','2024-08-14','Female','North'),('C0950','2024-11-10','Male','West'),('C0951','2024-03-12','Male','West'),('C0952','2025-07-03','Female','North'),('C0953','2024-01-03','Male','East'),('C0954','2023-08-02','Male','North'),('C0955','2021-07-13','Male','West'),('C0956','2025-06-30','Female','East'),('C0957','2023-09-21','Male','South'),('C0958','2021-12-13','Male','East'),('C0959','2024-07-23','Female','West'),('C0960','2022-04-25','Female','East'),('C0961','2021-11-29','Female','North'),('C0962','2023-09-14','Male','South'),('C0963','2021-03-12','Male','South'),('C0964','2024-02-17','Male','South'),('C0965','2025-02-19','Female','West'),('C0966','2026-01-08','Male','West'),('C0967','2024-12-14','Male','South'),('C0968','2024-05-15','Female','East'),('C0969','2024-12-05','Female','South'),('C0970','2025-10-10','Female','East'),('C0971','2024-11-21','Female','East'),('C0972','2022-08-17','Female','West'),('C0973','2023-07-15','Male','East'),('C0974','2021-06-25','Female','South'),('C0975','2023-07-11','Male','West'),('C0976','2024-03-22','Male','North'),('C0977','2024-08-28','Female','North'),('C0978','2023-01-31','Female','West'),('C0979','2024-07-02','Female','South'),('C0980','2023-12-21','Male','North'),('C0981','2022-07-10','Female','North'),('C0982','2026-01-16','Female','East'),('C0983','2021-02-14','Female','East'),('C0984','2023-10-16','Female','South'),('C0985','2022-02-17','Female','West'),('C0986','2025-08-19','Male','South'),('C0987','2025-08-23','Male','West'),('C0988','2022-12-18','Male','North'),('C0989','2022-09-11','Female','East'),('C0990','2021-07-06','Female','South'),('C0991','2023-01-25','Female','South'),('C0992','2024-01-13','Male','West'),('C0993','2024-04-27','Female','West'),('C0994','2023-06-13','Female','South'),('C0995','2024-09-13','Female','West'),('C0996','2025-06-27','Male','South'),('C0997','2021-03-26','Female','South'),('C0998','2022-11-30','Male','South'),('C0999','2022-07-20','Female','North'),('C1000','2025-07-29','Male','West');
/*!40000 ALTER TABLE `customers` ENABLE KEYS */;
UNLOCK TABLES;

--
-- Table structure for table `order_items`
--

DROP TABLE IF EXISTS `order_items`;
/*!40101 SET @saved_cs_client     = @@character_set_client */;
/*!50503 SET character_set_client = utf8mb4 */;
CREATE TABLE `order_items` (
  `order_item_id` varchar(10) NOT NULL,
  `order_id` varchar(10) DEFAULT NULL,
  `product_id` varchar(10) DEFAULT NULL,
  `quantity` int DEFAULT NULL,
  `price` decimal(10,2) DEFAULT NULL,
  PRIMARY KEY (`order_item_id`),
  KEY `order_id` (`order_id`),
  KEY `product_id` (`product_id`),
  CONSTRAINT `order_items_ibfk_1` FOREIGN KEY (`order_id`) REFERENCES `orders` (`order_id`),
  CONSTRAINT `order_items_ibfk_2` FOREIGN KEY (`product_id`) REFERENCES `products` (`product_id`)
) ENGINE=InnoDB DEFAULT CHARSET=utf8mb4 COLLATE=utf8mb4_0900_ai_ci;
/*!40101 SET character_set_client = @saved_cs_client */;

--
-- Dumping data for table `order_items`
--

LOCK TABLES `order_items` WRITE;
/*!40000 ALTER TABLE `order_items` DISABLE KEYS */;
INSERT INTO `order_items` VALUES ('OI0001','O0831','P531',2,169.17),('OI0002','O0588','P858',2,362.91),('OI0003','O0495','P948',2,256.34),('OI0004','O0973','P538',4,252.06),('OI0005','O0114','P729',2,59.52),('OI0006','O0111','P154',1,197.81),('OI0007','O0761','P154',4,124.33),('OI0008','O0439','P686',1,12.77),('OI0009','O0715','P092',3,183.25),('OI0010','O0147','P433',4,49.46),('OI0011','O0035','P338',3,132.13),('OI0012','O0999','P480',2,50.80),('OI0013','O0309','P693',2,54.97),('OI0014','O0538','P131',5,103.51),('OI0015','O0750','P450',2,499.93),('OI0016','O0014','P993',3,6.08),('OI0017','O0374','P810',2,321.14),('OI0018','O0557','P787',4,74.92),('OI0019','O0428','P273',2,460.71),('OI0020','O0728','P929',5,51.35),('OI0021','O0233','P588',2,477.76),('OI0022','O0705','P177',3,307.41),('OI0023','O0563','P696',3,5.63),('OI0024','O0939','P831',2,447.53),('OI0025','O0887','P643',3,263.25),('OI0026','O0726','P875',3,135.02),('OI0027','O0663','P049',5,384.80),('OI0028','O0440','P567',4,463.70),('OI0029','O0502','P666',5,244.43),('OI0030','O0275','P355',1,161.20),('OI0031','O0850','P712',5,395.53),('OI0032','O0076','P308',2,342.48),('OI0033','O0439','P868',4,444.93),('OI0034','O0732','P885',2,347.79),('OI0035','O0860','P630',1,125.55),('OI0036','O0956','P775',4,466.17),('OI0037','O0699','P046',3,56.89),('OI0038','O0289','P302',5,137.63),('OI0039','O0915','P868',2,262.50),('OI0040','O0540','P912',1,285.04),('OI0041','O0891','P408',3,12.58),('OI0042','O0692','P189',5,391.38),('OI0043','O0253','P822',3,184.00),('OI0044','O0126','P830',5,206.18),('OI0045','O0177','P129',4,405.64),('OI0046','O0037','P561',3,192.75),('OI0047','O0410','P537',3,28.38),('OI0048','O0611','P266',3,92.34),('OI0049','O0610','P118',4,478.17),('OI0050','O0127','P464',1,39.85),('OI0051','O0483','P144',5,180.69),('OI0052','O0168','P442',3,254.07),('OI0053','O0592','P200',4,249.17),('OI0054','O0294','P157',1,6.96),('OI0055','O0845','P487',5,253.08),('OI0056','O0638','P860',4,194.97),('OI0057','O0343','P134',5,486.18),('OI0058','O0310','P912',3,83.78),('OI0059','O0662','P148',1,180.31),('OI0060','O0528','P336',4,212.64),('OI0061','O0540','P071',1,198.39),('OI0062','O0419','P233',3,334.59),('OI0063','O0444','P334',1,111.68),('OI0064','O0685','P811',1,114.43),('OI0065','O0558','P666',2,365.96),('OI0066','O0840','P090',1,252.64),('OI0067','O0236','P334',5,210.50),('OI0068','O0439','P199',4,88.76),('OI0069','O0214','P161',2,97.83),('OI0070','O0085','P538',4,10.22),('OI0071','O0794','P121',4,50.26),('OI0072','O0744','P301',3,280.64),('OI0073','O0085','P724',3,446.48),('OI0074','O0921','P575',2,147.15),('OI0075','O0489','P963',3,167.23),('OI0076','O0065','P436',3,62.22),('OI0077','O0646','P068',3,197.37),('OI0078','O0663','P765',4,23.42),('OI0079','O0627','P922',2,459.21),('OI0080','O0064','P459',4,338.19),('OI0081','O0343','P514',5,495.42),('OI0082','O0939','P398',4,442.00),('OI0083','O0875','P620',5,239.13),('OI0084','O0919','P286',1,262.24),('OI0085','O0352','P561',1,99.34),('OI0086','O0158','P140',5,233.71),('OI0087','O0589','P730',5,452.00),('OI0088','O0491','P556',4,30.17),('OI0089','O0658','P929',5,432.46),('OI0090','O0855','P781',2,173.77),('OI0091','O0463','P590',1,450.26),('OI0092','O0225','P728',1,470.74),('OI0093','O0917','P894',5,337.08),('OI0094','O0313','P610',3,333.89),('OI0095','O0615','P748',3,229.11),('OI0096','O0919','P282',5,418.59),('OI0097','O0859','P661',2,481.00),('OI0098','O0813','P924',3,388.67),('OI0099','O0940','P816',5,312.86),('OI0100','O0466','P996',2,305.36),('OI0101','O0088','P936',2,425.49),('OI0102','O0883','P578',4,272.90),('OI0103','O0303','P746',2,402.91),('OI0104','O0680','P457',3,256.90),('OI0105','O0435','P087',3,35.91),('OI0106','O0682','P079',5,195.05),('OI0107','O0135','P205',5,225.00),('OI0108','O0050','P791',2,75.10),('OI0109','O0432','P337',1,55.74),('OI0110','O0340','P254',4,270.06),('OI0111','O0347','P304',1,47.15),('OI0112','O0646','P380',2,154.96),('OI0113','O0347','P130',2,373.58),('OI0114','O0649','P596',1,482.39),('OI0115','O0245','P276',4,360.35),('OI0116','O0109','P699',1,496.35),('OI0117','O0825','P558',5,350.68),('OI0118','O0799','P899',3,150.43),('OI0119','O0533','P183',5,337.67),('OI0120','O0090','P268',3,352.57),('OI0121','O0296','P808',2,189.00),('OI0122','O0112','P322',4,13.77),('OI0123','O0813','P512',1,353.08),('OI0124','O0589','P612',4,15.74),('OI0125','O0177','P078',1,317.44),('OI0126','O0343','P784',5,85.99),('OI0127','O0660','P339',5,284.97),('OI0128','O0101','P674',1,254.44),('OI0129','O0758','P556',4,11.69),('OI0130','O0629','P509',1,184.62),('OI0131','O0604','P238',2,302.54),('OI0132','O0401','P134',5,425.06),('OI0133','O0028','P973',2,444.88),('OI0134','O0937','P192',5,244.51),('OI0135','O0962','P356',5,365.57),('OI0136','O0537','P278',3,161.65),('OI0137','O0058','P018',2,174.38),('OI0138','O0498','P524',2,101.26),('OI0139','O0297','P180',3,283.16),('OI0140','O0134','P123',4,160.71),('OI0141','O0331','P246',2,46.76),('OI0142','O0249','P734',1,344.08),('OI0143','O0550','P373',3,355.34),('OI0144','O0902','P051',2,183.20),('OI0145','O0941','P1000',4,42.98),('OI0146','O0075','P071',2,216.02),('OI0147','O0654','P480',5,223.96),('OI0148','O0834','P560',1,335.99),('OI0149','O0168','P019',3,161.13),('OI0150','O0771','P774',5,342.89),('OI0151','O0503','P084',4,436.39),('OI0152','O0885','P155',5,122.56),('OI0153','O0355','P565',5,489.57),('OI0154','O0225','P619',4,196.25),('OI0155','O0664','P357',5,137.29),('OI0156','O0531','P816',3,213.65),('OI0157','O0146','P647',2,51.73),('OI0158','O0960','P443',5,67.22),('OI0159','O0241','P069',3,210.14),('OI0160','O0884','P523',2,382.41),('OI0161','O0893','P143',2,450.65),('OI0162','O0344','P192',5,334.08),('OI0163','O0749','P387',3,57.08),('OI0164','O0035','P378',5,337.65),('OI0165','O0702','P581',4,319.54),('OI0166','O0001','P535',2,403.85),('OI0167','O0996','P693',5,413.50),('OI0168','O0153','P293',2,434.76),('OI0169','O0429','P009',3,210.00),('OI0170','O0945','P271',1,350.44),('OI0171','O0508','P387',5,137.78),('OI0172','O0126','P093',5,499.67),('OI0173','O0491','P966',2,91.79),('OI0174','O0482','P529',3,10.01),('OI0175','O0345','P154',4,78.66),('OI0176','O0912','P405',3,389.06),('OI0177','O0738','P840',5,226.16),('OI0178','O0221','P149',4,226.51),('OI0179','O0915','P889',3,477.74),('OI0180','O0919','P267',1,460.22),('OI0181','O0723','P422',2,159.04),('OI0182','O0025','P840',3,108.48),('OI0183','O0528','P618',3,425.00),('OI0184','O0182','P472',1,453.48),('OI0185','O0499','P893',5,273.09),('OI0186','O0841','P547',2,316.56),('OI0187','O0641','P631',3,132.17),('OI0188','O0042','P526',4,401.40),('OI0189','O0915','P503',3,317.90),('OI0190','O0481','P014',2,254.24),('OI0191','O0930','P778',3,34.75),('OI0192','O0848','P652',1,458.39),('OI0193','O0748','P806',3,309.65),('OI0194','O0872','P364',3,100.38),('OI0195','O0439','P119',4,305.16),('OI0196','O0402','P238',1,340.34),('OI0197','O0546','P546',1,265.26),('OI0198','O0345','P169',3,360.46),('OI0199','O0893','P522',4,292.82),('OI0200','O0045','P634',3,474.15),('OI0201','O0646','P913',3,31.58),('OI0202','O0021','P657',2,57.59),('OI0203','O0634','P963',2,90.97),('OI0204','O0070','P958',4,346.63),('OI0205','O0864','P735',5,324.57),('OI0206','O0873','P883',2,446.57),('OI0207','O0048','P769',5,367.77),('OI0208','O0491','P780',1,256.64),('OI0209','O0551','P871',2,495.96),('OI0210','O0287','P516',2,136.72),('OI0211','O0010','P938',4,417.43),('OI0212','O0542','P397',5,216.26),('OI0213','O0756','P866',2,326.12),('OI0214','O0274','P106',2,365.00),('OI0215','O0956','P085',4,318.71),('OI0216','O0600','P214',4,74.55),('OI0217','O0756','P121',5,224.26),('OI0218','O0381','P132',1,282.91),('OI0219','O0329','P850',1,425.28),('OI0220','O0479','P197',3,224.60),('OI0221','O0015','P019',2,459.78),('OI0222','O0516','P642',5,222.99),('OI0223','O0191','P012',2,276.65),('OI0224','O0168','P081',5,399.16),('OI0225','O0521','P330',5,293.62),('OI0226','O0621','P866',5,480.31),('OI0227','O0137','P774',2,331.87),('OI0228','O0154','P392',4,263.74),('OI0229','O0388','P637',2,16.68),('OI0230','O0209','P307',5,209.80),('OI0231','O0272','P267',3,153.13),('OI0232','O0143','P447',1,375.31),('OI0233','O0611','P441',5,108.10),('OI0234','O0889','P895',3,106.58),('OI0235','O0820','P652',4,98.81),('OI0236','O0069','P841',5,67.18),('OI0237','O0247','P002',3,158.95),('OI0238','O0261','P520',5,443.53),('OI0239','O0788','P762',2,388.59),('OI0240','O0079','P651',3,368.95),('OI0241','O0658','P636',2,399.68),('OI0242','O0623','P309',2,138.36),('OI0243','O0770','P740',3,444.28),('OI0244','O0605','P522',1,72.97),('OI0245','O0525','P469',3,171.49),('OI0246','O0772','P212',1,295.44),('OI0247','O0938','P112',5,55.94),('OI0248','O0621','P008',5,366.41),('OI0249','O0330','P804',3,196.69),('OI0250','O0189','P477',5,393.28),('OI0251','O0095','P874',4,248.98),('OI0252','O0617','P460',2,94.53),('OI0253','O0008','P253',2,368.71),('OI0254','O0067','P526',1,129.81),('OI0255','O0496','P752',5,247.95),('OI0256','O0191','P438',1,42.39),('OI0257','O0366','P754',2,310.84),('OI0258','O0768','P981',2,334.60),('OI0259','O0521','P854',5,192.44),('OI0260','O0990','P661',4,477.44),('OI0261','O0117','P236',4,437.71),('OI0262','O0267','P306',5,355.43),('OI0263','O0611','P478',5,358.26),('OI0264','O0485','P679',1,129.94),('OI0265','O0509','P020',5,330.12),('OI0266','O0298','P216',4,103.11),('OI0267','O0909','P855',5,76.28),('OI0268','O0164','P135',1,499.74),('OI0269','O0376','P905',1,313.08),('OI0270','O0653','P129',1,218.34),('OI0271','O0268','P410',1,147.64),('OI0272','O0549','P422',3,303.94),('OI0273','O0074','P294',5,29.55),('OI0274','O0508','P246',2,51.87),('OI0275','O0073','P701',5,21.26),('OI0276','O0308','P556',3,252.09),('OI0277','O0199','P086',1,302.30),('OI0278','O0130','P556',3,35.93),('OI0279','O0758','P842',4,362.01),('OI0280','O0824','P375',4,119.05),('OI0281','O0572','P446',5,344.17),('OI0282','O0791','P378',5,491.04),('OI0283','O0615','P390',2,347.10),('OI0284','O0808','P657',2,442.18),('OI0285','O0832','P051',4,474.36),('OI0286','O0487','P242',1,245.94),('OI0287','O0853','P294',3,352.65),('OI0288','O0151','P920',2,426.72),('OI0289','O0669','P563',2,181.52),('OI0290','O0206','P266',1,134.39),('OI0291','O0986','P120',1,473.57),('OI0292','O0179','P712',5,364.52),('OI0293','O0197','P917',3,113.74),('OI0294','O0735','P248',1,227.30),('OI0295','O0089','P070',2,399.24),('OI0296','O0799','P853',2,275.80),('OI0297','O0434','P057',4,326.73),('OI0298','O0788','P382',1,378.12),('OI0299','O0748','P039',5,312.89),('OI0300','O0183','P984',3,272.34),('OI0301','O0209','P801',5,376.06),('OI0302','O0493','P443',2,365.14),('OI0303','O0130','P018',5,316.79),('OI0304','O0665','P952',2,183.10),('OI0305','O0013','P732',2,205.88),('OI0306','O0634','P825',2,485.37),('OI0307','O0871','P756',2,60.63),('OI0308','O0732','P352',2,137.91),('OI0309','O0106','P972',4,248.74),('OI0310','O0375','P816',5,419.18),('OI0311','O0582','P298',4,86.02),('OI0312','O0707','P283',4,142.09),('OI0313','O0698','P586',1,37.57),('OI0314','O0099','P110',1,354.46),('OI0315','O0594','P180',1,122.91),('OI0316','O0587','P938',3,197.39),('OI0317','O0886','P544',1,224.63),('OI0318','O0852','P746',5,446.20),('OI0319','O0192','P794',4,208.61),('OI0320','O0325','P025',5,76.89),('OI0321','O0979','P843',1,264.54),('OI0322','O0726','P791',3,481.66),('OI0323','O0827','P738',3,305.80),('OI0324','O0956','P057',4,491.78),('OI0325','O0467','P180',5,421.35),('OI0326','O0894','P232',2,22.80),('OI0327','O0367','P894',5,330.91),('OI0328','O0318','P343',1,146.95),('OI0329','O0144','P477',2,282.01),('OI0330','O0384','P799',3,143.28),('OI0331','O0216','P576',4,177.69),('OI0332','O0361','P455',4,461.97),('OI0333','O0324','P232',3,107.29),('OI0334','O0015','P289',1,437.68),('OI0335','O0217','P213',3,20.08),('OI0336','O0492','P258',1,49.98),('OI0337','O0951','P530',2,428.06),('OI0338','O0547','P687',3,317.13),('OI0339','O0183','P929',1,374.88),('OI0340','O0270','P229',2,108.66),('OI0341','O0945','P226',3,270.86),('OI0342','O0467','P596',4,369.92),('OI0343','O0870','P803',3,315.52),('OI0344','O0612','P435',5,238.49),('OI0345','O0519','P882',3,480.09),('OI0346','O0542','P758',5,339.70),('OI0347','O0467','P402',2,454.34),('OI0348','O0305','P622',3,366.24),('OI0349','O0985','P766',2,369.05),('OI0350','O0144','P088',2,44.61),('OI0351','O0111','P584',1,182.93),('OI0352','O0232','P893',2,429.89),('OI0353','O0691','P542',2,120.14),('OI0354','O0584','P684',3,62.18),('OI0355','O0722','P309',3,166.42),('OI0356','O0732','P906',4,114.12),('OI0357','O0592','P343',1,463.02),('OI0358','O0500','P436',2,434.64),('OI0359','O0595','P177',1,252.34),('OI0360','O0554','P139',5,35.37),('OI0361','O0273','P194',2,358.71),('OI0362','O0703','P186',1,313.59),('OI0363','O0173','P218',4,485.42),('OI0364','O0973','P164',4,281.68),('OI0365','O0007','P161',2,171.51),('OI0366','O0155','P943',5,261.92),('OI0367','O0522','P525',4,489.74),('OI0368','O0546','P808',4,349.70),('OI0369','O0548','P601',5,337.63),('OI0370','O0921','P836',1,124.14),('OI0371','O0518','P042',4,373.08),('OI0372','O0920','P915',3,376.38),('OI0373','O0914','P210',4,162.06),('OI0374','O0215','P741',1,244.44),('OI0375','O0134','P862',1,150.83),('OI0376','O0285','P275',2,133.06),('OI0377','O0126','P954',3,17.82),('OI0378','O0921','P279',1,146.18),('OI0379','O0439','P251',5,279.22),('OI0380','O0849','P310',3,5.79),('OI0381','O0686','P720',3,145.19),('OI0382','O0152','P833',5,441.30),('OI0383','O0331','P140',4,298.86),('OI0384','O0538','P792',5,305.89),('OI0385','O0383','P546',5,204.67),('OI0386','O0115','P821',4,339.85),('OI0387','O0894','P904',4,99.02),('OI0388','O0482','P530',4,410.28),('OI0389','O0284','P057',4,62.76),('OI0390','O0899','P112',4,329.72),('OI0391','O0075','P005',5,173.87),('OI0392','O0166','P410',2,375.02),('OI0393','O0189','P414',2,277.13),('OI0394','O0078','P182',1,228.91),('OI0395','O0947','P013',2,88.86),('OI0396','O0602','P339',2,320.23),('OI0397','O0688','P797',5,487.51),('OI0398','O0021','P259',4,413.67),('OI0399','O0566','P090',4,34.70),('OI0400','O0184','P616',5,191.23),('OI0401','O0871','P891',2,463.16),('OI0402','O0222','P698',5,254.01),('OI0403','O0827','P250',1,332.75),('OI0404','O0328','P255',4,456.74),('OI0405','O0179','P588',3,437.53),('OI0406','O0788','P898',1,253.40),('OI0407','O0112','P971',1,221.63),('OI0408','O0736','P108',5,173.15),('OI0409','O0726','P668',2,360.91),('OI0410','O0059','P594',4,147.06),('OI0411','O0327','P589',3,128.69),('OI0412','O0905','P485',1,181.34),('OI0413','O0621','P982',3,92.72),('OI0414','O0897','P972',2,349.08),('OI0415','O0669','P258',2,310.04),('OI0416','O0191','P639',3,244.02),('OI0417','O0200','P997',4,198.21),('OI0418','O0312','P903',2,454.99),('OI0419','O0708','P282',3,19.42),('OI0420','O0035','P986',1,385.71),('OI0421','O0379','P088',3,451.45),('OI0422','O0387','P204',3,225.95),('OI0423','O0758','P016',5,277.59),('OI0424','O0237','P151',2,472.51),('OI0425','O0616','P936',4,110.08),('OI0426','O0519','P254',4,262.47),('OI0427','O0283','P188',5,239.99),('OI0428','O0001','P329',4,132.90),('OI0429','O0731','P544',3,410.20),('OI0430','O0464','P783',5,450.30),('OI0431','O0230','P997',1,392.06),('OI0432','O0967','P397',2,101.70),('OI0433','O0172','P517',2,47.94),('OI0434','O0087','P459',2,304.70),('OI0435','O0553','P330',3,33.26),('OI0436','O0123','P820',1,338.05),('OI0437','O0843','P845',5,267.56),('OI0438','O0298','P169',5,333.08),('OI0439','O0885','P693',2,297.13),('OI0440','O0929','P366',1,214.24),('OI0441','O0690','P178',1,104.43),('OI0442','O0575','P655',1,156.32),('OI0443','O0484','P362',4,264.63),('OI0444','O0165','P760',4,327.67),('OI0445','O0699','P639',2,390.84),('OI0446','O0383','P775',1,384.75),('OI0447','O0209','P040',1,486.48),('OI0448','O0739','P924',5,146.49),('OI0449','O0432','P416',5,40.20),('OI0450','O0389','P355',2,176.10),('OI0451','O0560','P255',1,372.93),('OI0452','O0224','P143',2,221.87),('OI0453','O0003','P752',5,409.81),('OI0454','O0372','P740',5,276.92),('OI0455','O0687','P853',4,465.25),('OI0456','O0446','P710',2,474.19),('OI0457','O0611','P577',2,39.31),('OI0458','O0116','P900',1,230.92),('OI0459','O0270','P011',1,306.80),('OI0460','O0447','P620',4,131.66),('OI0461','O0368','P026',3,206.50),('OI0462','O0253','P957',3,340.45),('OI0463','O0317','P421',3,117.23),('OI0464','O0415','P663',2,302.98),('OI0465','O0095','P221',2,350.24),('OI0466','O0785','P853',5,49.80),('OI0467','O0892','P496',2,251.28),('OI0468','O0024','P237',2,135.22),('OI0469','O0628','P237',2,363.57),('OI0470','O0663','P219',4,98.83),('OI0471','O0850','P487',2,446.66),('OI0472','O0050','P936',1,218.32),('OI0473','O0502','P461',1,103.01),('OI0474','O0718','P663',5,221.82),('OI0475','O0498','P635',4,207.33),('OI0476','O0335','P144',1,217.31),('OI0477','O0079','P990',4,294.85),('OI0478','O0582','P189',4,262.98),('OI0479','O0027','P255',5,79.14),('OI0480','O0271','P068',4,37.46),('OI0481','O0562','P616',2,366.06),('OI0482','O0804','P336',4,282.06),('OI0483','O0247','P671',5,182.71),('OI0484','O0776','P821',5,405.14),('OI0485','O0591','P874',5,197.09),('OI0486','O0387','P409',1,399.00),('OI0487','O0702','P300',2,156.35),('OI0488','O0559','P908',1,41.06),('OI0489','O0973','P602',3,466.66),('OI0490','O0361','P357',2,200.30),('OI0491','O0866','P256',4,397.38),('OI0492','O0984','P353',5,143.18),('OI0493','O0488','P732',3,324.95),('OI0494','O0352','P521',2,437.29),('OI0495','O0701','P524',1,25.61),('OI0496','O0928','P837',5,416.16),('OI0497','O0256','P950',1,287.81),('OI0498','O0222','P756',2,305.70),('OI0499','O0884','P694',2,263.96),('OI0500','O0753','P284',3,437.87),('OI0501','O0781','P312',4,26.50),('OI0502','O0001','P099',1,134.21),('OI0503','O0546','P197',3,438.50),('OI0504','O0446','P482',5,377.41),('OI0505','O0079','P878',4,13.73),('OI0506','O0236','P226',3,260.92),('OI0507','O0334','P845',1,267.14),('OI0508','O0889','P615',2,203.44),('OI0509','O0349','P618',5,152.21),('OI0510','O0098','P365',1,342.45),('OI0511','O0082','P368',4,107.86),('OI0512','O0502','P570',4,400.48),('OI0513','O0967','P590',2,402.50),('OI0514','O0477','P075',2,210.55),('OI0515','O0927','P042',5,145.36),('OI0516','O0704','P422',5,145.52),('OI0517','O0765','P836',2,243.73),('OI0518','O0921','P181',2,361.19),('OI0519','O0550','P545',4,182.64),('OI0520','O0014','P071',2,306.97),('OI0521','O0392','P568',3,194.33),('OI0522','O0347','P105',1,155.74),('OI0523','O0310','P200',2,17.31),('OI0524','O0386','P101',5,6.94),('OI0525','O0209','P768',3,117.47),('OI0526','O0357','P307',5,206.17),('OI0527','O0974','P586',3,426.37),('OI0528','O0601','P683',2,400.25),('OI0529','O0568','P377',1,137.25),('OI0530','O0094','P655',5,126.05),('OI0531','O0093','P678',3,117.52),('OI0532','O0340','P399',4,172.92),('OI0533','O0597','P773',2,251.61),('OI0534','O0445','P221',1,222.14),('OI0535','O0757','P595',2,113.05),('OI0536','O0022','P182',4,69.57),('OI0537','O0291','P307',1,11.23),('OI0538','O0485','P522',4,81.21),('OI0539','O0784','P396',2,354.15),('OI0540','O0306','P004',3,125.60),('OI0541','O0634','P863',2,236.96),('OI0542','O0128','P914',2,297.69),('OI0543','O0625','P848',2,443.99),('OI0544','O0939','P1000',5,444.98),('OI0545','O0273','P804',4,374.14),('OI0546','O0848','P281',4,22.40),('OI0547','O0442','P215',4,289.66),('OI0548','O0503','P972',5,394.36),('OI0549','O0130','P610',3,13.56),('OI0550','O0132','P420',2,277.09),('OI0551','O0597','P101',3,429.59),('OI0552','O0935','P963',5,239.68),('OI0553','O0482','P521',4,7.03),('OI0554','O0862','P573',2,10.45),('OI0555','O0390','P309',1,211.23),('OI0556','O0593','P658',1,81.73),('OI0557','O0999','P939',3,333.90),('OI0558','O0985','P931',4,355.86),('OI0559','O0325','P510',1,93.05),('OI0560','O0069','P063',3,444.82),('OI0561','O0660','P633',5,223.74),('OI0562','O0448','P226',3,75.71),('OI0563','O0528','P105',3,383.30),('OI0564','O0819','P974',3,396.04),('OI0565','O0617','P772',2,321.45),('OI0566','O0165','P861',3,427.47),('OI0567','O0488','P425',3,370.00),('OI0568','O0713','P255',2,441.69),('OI0569','O0709','P429',2,219.77),('OI0570','O0426','P434',5,375.06),('OI0571','O0697','P207',4,499.88),('OI0572','O0834','P028',1,363.84),('OI0573','O0265','P682',1,61.52),('OI0574','O0875','P336',3,261.57),('OI0575','O0612','P588',5,295.74),('OI0576','O0342','P628',3,91.23),('OI0577','O0832','P069',1,481.63),('OI0578','O0726','P866',2,91.91),('OI0579','O0278','P746',4,92.89),('OI0580','O0674','P513',5,458.01),('OI0581','O0439','P167',2,235.28),('OI0582','O0157','P864',4,36.28),('OI0583','O0422','P730',5,301.10),('OI0584','O0251','P785',5,302.90),('OI0585','O0878','P368',1,36.93),('OI0586','O0609','P251',2,486.40),('OI0587','O0530','P859',5,274.29),('OI0588','O0327','P856',5,282.10),('OI0589','O0961','P931',4,262.46),('OI0590','O0895','P686',1,307.31),('OI0591','O0097','P170',3,135.83),('OI0592','O0513','P758',1,147.18),('OI0593','O0216','P935',3,258.11),('OI0594','O0132','P090',2,404.31),('OI0595','O0260','P561',2,29.68),('OI0596','O0125','P446',5,303.69),('OI0597','O0082','P294',2,404.36),('OI0598','O0283','P919',5,82.67),('OI0599','O0683','P150',1,12.44),('OI0600','O0059','P132',2,159.79),('OI0601','O0544','P433',1,296.13),('OI0602','O0161','P059',1,73.45),('OI0603','O0284','P969',2,215.93),('OI0604','O0106','P836',1,278.40),('OI0605','O0105','P199',2,301.45),('OI0606','O0439','P215',2,140.83),('OI0607','O0228','P898',2,203.01),('OI0608','O0700','P561',3,390.28),('OI0609','O0582','P472',1,470.90),('OI0610','O0318','P744',4,431.63),('OI0611','O0464','P247',2,284.32),('OI0612','O0802','P382',1,208.09),('OI0613','O0599','P991',5,169.81),('OI0614','O0882','P239',2,66.85),('OI0615','O0874','P927',2,57.74),('OI0616','O0472','P367',4,345.74),('OI0617','O0056','P168',3,133.60),('OI0618','O0625','P560',3,131.06),('OI0619','O0013','P051',2,499.11),('OI0620','O0440','P811',1,98.02),('OI0621','O0018','P610',5,78.29),('OI0622','O0694','P951',5,53.85),('OI0623','O0973','P728',1,292.00),('OI0624','O0113','P689',2,315.79),('OI0625','O0229','P380',5,185.79),('OI0626','O0171','P474',3,270.03),('OI0627','O0295','P080',1,395.26),('OI0628','O0189','P697',4,409.96),('OI0629','O0426','P367',2,479.17),('OI0630','O0977','P461',1,413.01),('OI0631','O0079','P911',5,284.60),('OI0632','O0658','P539',2,93.93),('OI0633','O0919','P452',3,54.38),('OI0634','O0182','P464',2,31.98),('OI0635','O0499','P960',2,334.93),('OI0636','O0798','P478',3,404.73),('OI0637','O0762','P926',3,256.80),('OI0638','O0866','P420',2,32.08),('OI0639','O0826','P707',3,270.06),('OI0640','O0708','P214',1,468.20),('OI0641','O0835','P369',3,300.82),('OI0642','O0071','P854',3,405.67),('OI0643','O0248','P114',2,401.08),('OI0644','O0146','P754',1,466.40),('OI0645','O0618','P503',4,386.26),('OI0646','O0775','P636',4,375.11),('OI0647','O0296','P817',5,120.88),('OI0648','O0582','P588',3,34.66),('OI0649','O0470','P311',3,261.21),('OI0650','O0506','P469',1,66.59),('OI0651','O0193','P824',4,481.29),('OI0652','O0068','P708',5,148.51),('OI0653','O0494','P863',1,427.21),('OI0654','O0817','P044',3,196.87),('OI0655','O0052','P415',4,164.98),('OI0656','O0882','P698',5,467.90),('OI0657','O0363','P855',2,184.84),('OI0658','O0797','P246',4,198.19),('OI0659','O0917','P949',5,57.52),('OI0660','O0474','P084',1,336.87),('OI0661','O0846','P207',2,147.98),('OI0662','O0521','P151',5,294.87),('OI0663','O0763','P668',5,297.72),('OI0664','O0431','P528',3,361.00),('OI0665','O0844','P165',4,373.89),('OI0666','O0298','P917',3,259.65),('OI0667','O0435','P975',2,168.84),('OI0668','O0696','P145',5,419.54),('OI0669','O0691','P037',3,158.38),('OI0670','O0198','P333',4,256.22),('OI0671','O0128','P403',2,203.62),('OI0672','O0532','P414',1,428.26),('OI0673','O0984','P045',3,218.80),('OI0674','O0411','P402',2,196.12),('OI0675','O0934','P206',1,346.46),('OI0676','O0840','P062',3,303.21),('OI0677','O0065','P420',2,58.09),('OI0678','O0694','P868',2,256.54),('OI0679','O0241','P468',3,369.06),('OI0680','O0369','P820',2,496.08),('OI0681','O0536','P019',5,316.43),('OI0682','O0384','P365',3,188.30),('OI0683','O0431','P300',2,116.95),('OI0684','O0967','P007',1,437.05),('OI0685','O0083','P761',1,408.21),('OI0686','O0982','P428',5,120.79),('OI0687','O0831','P117',3,104.31),('OI0688','O0697','P580',2,358.99),('OI0689','O0951','P507',2,160.90),('OI0690','O0828','P546',1,156.67),('OI0691','O0611','P706',5,80.38),('OI0692','O0574','P325',1,135.67),('OI0693','O0286','P055',1,216.62),('OI0694','O0989','P778',5,367.75),('OI0695','O0534','P992',3,171.47),('OI0696','O0459','P042',2,167.66),('OI0697','O0212','P297',3,146.03),('OI0698','O0126','P973',4,241.75),('OI0699','O0413','P231',4,94.42),('OI0700','O0499','P453',4,245.39),('OI0701','O0425','P890',5,353.57),('OI0702','O0554','P394',1,19.75),('OI0703','O0610','P522',3,9.84),('OI0704','O0961','P358',2,42.19),('OI0705','O0543','P987',4,270.15),('OI0706','O0158','P444',3,427.96),('OI0707','O0112','P128',4,7.42),('OI0708','O0402','P691',4,468.65),('OI0709','O0759','P405',2,57.61),('OI0710','O0122','P392',5,421.78),('OI0711','O0273','P193',1,244.01),('OI0712','O0294','P604',5,331.38),('OI0713','O0398','P881',3,257.79),('OI0714','O0471','P743',5,241.14),('OI0715','O0985','P078',3,418.28),('OI0716','O0207','P085',3,379.16),('OI0717','O0110','P030',1,244.28),('OI0718','O0440','P725',2,60.26),('OI0719','O0278','P049',1,62.12),('OI0720','O0963','P777',5,401.76),('OI0721','O0568','P145',3,267.05),('OI0722','O0887','P069',4,243.39),('OI0723','O0915','P058',4,341.88),('OI0724','O0569','P697',3,430.13),('OI0725','O0940','P574',1,316.29),('OI0726','O0482','P479',2,382.61),('OI0727','O0803','P820',1,383.81),('OI0728','O0114','P445',3,181.35),('OI0729','O0893','P296',3,140.67),('OI0730','O0897','P678',2,401.58),('OI0731','O0820','P171',5,191.70),('OI0732','O0853','P575',5,452.15),('OI0733','O0477','P147',2,39.50),('OI0734','O0710','P484',5,33.82),('OI0735','O0933','P306',4,463.87),('OI0736','O0321','P673',5,325.99),('OI0737','O0179','P653',5,192.90),('OI0738','O0897','P846',5,378.75),('OI0739','O0219','P609',4,337.80),('OI0740','O0789','P446',5,267.94),('OI0741','O0949','P221',4,53.94),('OI0742','O0528','P555',2,407.03),('OI0743','O0492','P945',1,433.68),('OI0744','O0891','P804',2,90.22),('OI0745','O0061','P378',1,426.00),('OI0746','O0054','P620',2,439.53),('OI0747','O0680','P266',1,276.97),('OI0748','O0538','P095',1,329.81),('OI0749','O0848','P262',3,194.21),('OI0750','O0988','P825',1,144.49),('OI0751','O0065','P897',1,362.38),('OI0752','O0612','P071',3,431.63),('OI0753','O0586','P954',5,328.77),('OI0754','O0704','P219',5,258.24),('OI0755','O0171','P533',3,83.67),('OI0756','O0273','P092',4,31.46),('OI0757','O0889','P127',1,225.62),('OI0758','O0699','P080',1,29.43),('OI0759','O0535','P824',3,286.82),('OI0760','O0391','P238',3,194.45),('OI0761','O0940','P983',4,379.81),('OI0762','O0693','P372',5,156.30),('OI0763','O0327','P916',2,298.53),('OI0764','O0108','P486',5,271.15),('OI0765','O0847','P694',1,7.33),('OI0766','O0162','P025',3,40.83),('OI0767','O0814','P156',4,148.73),('OI0768','O0452','P517',5,441.71),('OI0769','O0206','P632',4,77.77),('OI0770','O0590','P789',5,356.89),('OI0771','O0016','P530',1,486.82),('OI0772','O0327','P943',2,396.33),('OI0773','O0608','P710',4,125.26),('OI0774','O0659','P057',4,454.64),('OI0775','O0002','P605',2,51.09),('OI0776','O0010','P019',4,236.73),('OI0777','O0434','P384',4,444.33),('OI0778','O0125','P865',5,322.43),('OI0779','O0081','P193',5,209.75),('OI0780','O0485','P237',2,149.94),('OI0781','O0652','P387',1,190.67),('OI0782','O0838','P426',4,256.93),('OI0783','O0150','P277',1,162.93),('OI0784','O0800','P227',2,484.64),('OI0785','O0873','P745',2,466.87),('OI0786','O0340','P552',5,435.98),('OI0787','O0129','P323',4,213.81),('OI0788','O0438','P153',3,347.19),('OI0789','O0751','P639',2,451.90),('OI0790','O0501','P237',4,425.96),('OI0791','O0058','P998',1,210.09),('OI0792','O0198','P055',5,60.63),('OI0793','O0211','P980',1,42.44),('OI0794','O0914','P436',2,290.65),('OI0795','O0902','P684',2,323.10),('OI0796','O0045','P109',1,425.67),('OI0797','O0097','P866',2,149.79),('OI0798','O0279','P981',4,87.90),('OI0799','O0535','P184',2,192.61),('OI0800','O0410','P951',5,180.02),('OI0801','O0461','P368',4,70.57),('OI0802','O0391','P983',3,337.78),('OI0803','O0847','P198',2,256.80),('OI0804','O0044','P371',2,361.96),('OI0805','O0027','P373',5,179.58),('OI0806','O0794','P973',5,166.22),('OI0807','O0097','P497',1,238.93),('OI0808','O0975','P599',1,439.32),('OI0809','O0548','P201',1,24.94),('OI0810','O0621','P849',5,403.39),('OI0811','O0567','P509',1,187.65),('OI0812','O0704','P322',1,428.04),('OI0813','O0219','P275',3,402.09),('OI0814','O0185','P211',1,177.64),('OI0815','O0069','P504',2,348.47),('OI0816','O0829','P903',5,84.02),('OI0817','O0130','P118',4,448.66),('OI0818','O0567','P703',3,205.22),('OI0819','O0890','P554',5,230.53),('OI0820','O0609','P042',5,354.35),('OI0821','O0848','P315',2,411.32),('OI0822','O0599','P788',1,121.99),('OI0823','O0806','P329',2,332.37),('OI0824','O0631','P017',1,199.04),('OI0825','O0720','P283',1,187.51),('OI0826','O0334','P943',5,346.56),('OI0827','O0925','P258',1,196.66),('OI0828','O0154','P575',3,176.32),('OI0829','O0547','P574',3,418.76),('OI0830','O0079','P612',3,55.13),('OI0831','O0579','P019',5,339.57),('OI0832','O0855','P529',2,128.12),('OI0833','O0413','P837',4,12.67),('OI0834','O0546','P423',1,87.55),('OI0835','O0609','P466',4,305.30),('OI0836','O0169','P373',2,356.02),('OI0837','O0681','P758',2,15.42),('OI0838','O0663','P763',5,23.03),('OI0839','O0583','P967',3,451.76),('OI0840','O0515','P081',3,41.29),('OI0841','O0314','P551',2,447.62),('OI0842','O0032','P548',5,117.94),('OI0843','O0287','P424',5,371.31),('OI0844','O0594','P429',1,158.32),('OI0845','O0043','P388',3,430.08),('OI0846','O0903','P998',2,351.73),('OI0847','O0617','P921',4,203.90),('OI0848','O0001','P709',3,42.77),('OI0849','O0573','P670',1,367.69),('OI0850','O0270','P204',5,310.36),('OI0851','O0180','P196',2,6.44),('OI0852','O0736','P728',3,9.66),('OI0853','O0518','P285',4,405.35),('OI0854','O0103','P969',1,133.40),('OI0855','O0010','P196',1,319.89),('OI0856','O0583','P307',3,229.84),('OI0857','O0090','P664',4,432.40),('OI0858','O0226','P014',1,458.90),('OI0859','O0670','P837',2,498.42),('OI0860','O0740','P146',1,81.07),('OI0861','O0917','P938',4,432.17),('OI0862','O0126','P057',5,136.68),('OI0863','O0956','P723',5,297.45),('OI0864','O0209','P780',3,255.36),('OI0865','O0097','P210',4,13.90),('OI0866','O0074','P529',1,466.72),('OI0867','O0627','P798',1,43.77),('OI0868','O0191','P344',5,345.67),('OI0869','O0682','P715',5,393.58),('OI0870','O0819','P611',2,398.67),('OI0871','O0960','P279',5,72.07),('OI0872','O0716','P209',2,226.55),('OI0873','O0056','P641',1,415.57),('OI0874','O0720','P335',2,154.83),('OI0875','O0553','P288',2,236.54),('OI0876','O0032','P252',3,140.03),('OI0877','O0527','P265',5,234.46),('OI0878','O0574','P271',2,444.48),('OI0879','O0667','P924',1,230.29),('OI0880','O0284','P920',4,280.18),('OI0881','O0721','P700',2,204.97),('OI0882','O0832','P419',5,232.76),('OI0883','O0494','P726',3,12.51),('OI0884','O0187','P795',1,145.45),('OI0885','O0498','P211',3,221.11),('OI0886','O0442','P365',4,318.73),('OI0887','O0130','P076',2,227.78),('OI0888','O0639','P660',2,172.22),('OI0889','O0292','P321',5,197.11),('OI0890','O0114','P725',2,124.94),('OI0891','O0199','P433',1,462.62),('OI0892','O0013','P109',4,263.26),('OI0893','O0271','P641',3,11.64),('OI0894','O0601','P522',4,14.63),('OI0895','O0215','P047',2,486.62),('OI0896','O0444','P379',3,114.62),('OI0897','O0790','P827',5,403.78),('OI0898','O0512','P096',4,33.85),('OI0899','O0447','P958',3,460.98),('OI0900','O0986','P103',3,437.84),('OI0901','O0993','P892',3,287.69),('OI0902','O0715','P854',1,9.45),('OI0903','O0074','P146',4,132.62),('OI0904','O0537','P880',3,206.38),('OI0905','O0101','P942',4,232.73),('OI0906','O0176','P928',3,152.35),('OI0907','O0427','P027',5,21.31),('OI0908','O0117','P732',5,297.11),('OI0909','O0166','P530',5,264.46),('OI0910','O0041','P679',2,145.09),('OI0911','O0429','P945',3,23.80),('OI0912','O0344','P989',2,497.32),('OI0913','O0424','P082',4,243.58),('OI0914','O0366','P428',2,379.22),('OI0915','O0120','P584',4,228.90),('OI0916','O0609','P822',4,26.37),('OI0917','O0657','P479',4,158.25),('OI0918','O0728','P766',2,163.45),('OI0919','O0229','P162',3,419.98),('OI0920','O0825','P839',2,328.84),('OI0921','O0130','P932',3,141.34),('OI0922','O0352','P402',3,484.03),('OI0923','O0889','P508',4,164.16),('OI0924','O0318','P038',2,499.13),('OI0925','O0984','P955',3,498.10),('OI0926','O0649','P511',5,99.65),('OI0927','O0836','P393',3,159.81),('OI0928','O0337','P713',5,245.59),('OI0929','O0273','P494',2,333.73),('OI0930','O0117','P200',2,266.38),('OI0931','O0818','P255',2,484.87),('OI0932','O0368','P179',3,363.37),('OI0933','O0094','P547',1,109.96),('OI0934','O0168','P594',3,57.02),('OI0935','O0954','P389',3,345.76),('OI0936','O0715','P398',4,83.43),('OI0937','O0341','P732',4,394.90),('OI0938','O0661','P158',3,158.96),('OI0939','O0914','P004',5,166.81),('OI0940','O0695','P167',4,10.35),('OI0941','O0925','P468',3,352.00),('OI0942','O0152','P960',1,61.07),('OI0943','O0586','P409',5,387.58),('OI0944','O0877','P412',2,248.47),('OI0945','O0913','P204',3,393.22),('OI0946','O0274','P194',3,294.04),('OI0947','O0554','P235',5,45.80),('OI0948','O0496','P718',4,384.00),('OI0949','O0724','P150',4,39.55),('OI0950','O0101','P159',4,241.96),('OI0951','O0557','P279',2,90.31),('OI0952','O0082','P816',5,377.41),('OI0953','O0529','P404',5,456.24),('OI0954','O0073','P893',4,279.29),('OI0955','O0014','P678',4,265.94),('OI0956','O0433','P311',1,383.16),('OI0957','O0157','P068',1,7.51),('OI0958','O0735','P463',3,459.29),('OI0959','O0132','P088',3,102.74),('OI0960','O0338','P217',5,492.14),('OI0961','O0404','P001',5,369.45),('OI0962','O0376','P135',2,388.25),('OI0963','O0888','P697',2,329.82),('OI0964','O0559','P351',1,238.47),('OI0965','O0107','P140',3,287.96),('OI0966','O0620','P618',1,27.97),('OI0967','O0265','P133',1,313.86),('OI0968','O0205','P620',3,314.92),('OI0969','O0079','P178',2,446.14),('OI0970','O0155','P810',3,255.30),('OI0971','O0783','P358',4,43.19),('OI0972','O0988','P380',4,156.57),('OI0973','O0997','P908',4,329.54),('OI0974','O0247','P871',5,123.43);
/*!40000 ALTER TABLE `order_items` ENABLE KEYS */;
UNLOCK TABLES;

--
-- Table structure for table `orders`
--

DROP TABLE IF EXISTS `orders`;
/*!40101 SET @saved_cs_client     = @@character_set_client */;
/*!50503 SET character_set_client = utf8mb4 */;
CREATE TABLE `orders` (
  `order_id` varchar(10) NOT NULL,
  `customer_id` varchar(10) DEFAULT NULL,
  `order_date` date DEFAULT NULL,
  `order_status` varchar(20) DEFAULT NULL,
  `order_amount` decimal(10,2) DEFAULT NULL,
  PRIMARY KEY (`order_id`),
  KEY `customer_id` (`customer_id`),
  CONSTRAINT `orders_ibfk_1` FOREIGN KEY (`customer_id`) REFERENCES `customers` (`customer_id`)
) ENGINE=InnoDB DEFAULT CHARSET=utf8mb4 COLLATE=utf8mb4_0900_ai_ci;
/*!40101 SET character_set_client = @saved_cs_client */;

--
-- Dumping data for table `orders`
--

LOCK TABLES `orders` WRITE;
/*!40000 ALTER TABLE `orders` DISABLE KEYS */;
INSERT INTO `orders` VALUES ('O0001','C0903','2023-12-21','Cancelled',1601.82),('O0002','C0666','2023-12-27','Cancelled',102.18),('O0003','C0463','2023-05-01','Completed',2049.05),('O0004','C0367','2021-12-25','Processing',0.00),('O0005','C0550','2025-06-09','Cancelled',0.00),('O0006','C0643','2025-10-21','Processing',0.00),('O0007','C0870','2022-01-03','Completed',343.02),('O0008','C0255','2026-01-09','Processing',737.42),('O0009','C0208','2025-04-06','Processing',0.00),('O0010','C0450','2025-06-05','Processing',2936.53),('O0011','C0095','2024-08-07','Completed',0.00),('O0012','C0860','2025-05-11','Completed',0.00),('O0013','C0839','2025-09-24','Completed',2463.02),('O0014','C0478','2025-06-23','Completed',1695.94),('O0015','C0683','2025-05-07','Processing',1357.24),('O0016','C0762','2024-01-21','Completed',486.82),('O0017','C0190','2025-07-27','Completed',0.00),('O0018','C0711','2021-12-26','Completed',391.45),('O0019','C0484','2023-12-04','Completed',0.00),('O0020','C0733','2025-02-09','Completed',0.00),('O0021','C0536','2025-04-17','Processing',1769.86),('O0022','C0756','2025-05-07','Cancelled',278.28),('O0023','C0423','2025-03-25','Completed',0.00),('O0024','C0836','2025-01-03','Completed',270.44),('O0025','C0640','2026-01-20','Completed',325.44),('O0026','C0605','2026-02-04','Completed',0.00),('O0027','C0812','2024-04-03','Cancelled',1293.60),('O0028','C0133','2025-02-13','Shipped',889.76),('O0029','C0055','2024-09-17','Shipped',0.00),('O0030','C0989','2025-07-16','Shipped',0.00),('O0031','C0510','2025-02-20','Completed',0.00),('O0032','C0670','2025-08-22','Processing',1009.79),('O0033','C0541','2026-01-14','Processing',0.00),('O0034','C0410','2025-10-04','Processing',0.00),('O0035','C0211','2025-12-05','Completed',2470.35),('O0036','C0666','2023-12-13','Processing',0.00),('O0037','C0293','2025-12-21','Processing',578.25),('O0038','C0987','2025-12-23','Processing',0.00),('O0039','C0734','2024-11-28','Completed',0.00),('O0040','C0115','2024-01-30','Shipped',0.00),('O0041','C0949','2025-08-21','Processing',290.18),('O0042','C0670','2025-10-09','Cancelled',1605.60),('O0043','C0259','2025-06-18','Cancelled',1290.24),('O0044','C0763','2025-10-25','Processing',723.92),('O0045','C0122','2022-02-24','Completed',1848.12),('O0046','C0299','2025-10-04','Cancelled',0.00),('O0047','C0775','2025-07-10','Completed',0.00),('O0048','C0381','2024-10-29','Processing',1838.85),('O0049','C0561','2026-01-21','Completed',0.00),('O0050','C0889','2025-01-29','Pending',368.52),('O0051','C0841','2025-08-01','Cancelled',0.00),('O0052','C0501','2025-03-16','Processing',659.92),('O0053','C0297','2026-01-16','Cancelled',0.00),('O0054','C0362','2021-11-19','Processing',879.06),('O0055','C0589','2023-10-01','Processing',0.00),('O0056','C0463','2024-06-24','Completed',816.37),('O0057','C0438','2024-03-29','Completed',0.00),('O0058','C0127','2026-01-21','Completed',558.85),('O0059','C0197','2025-11-21','Completed',907.82),('O0060','C0221','2026-01-16','Pending',0.00),('O0061','C0995','2025-04-22','Processing',426.00),('O0062','C0091','2022-09-28','Processing',0.00),('O0063','C0411','2025-08-16','Completed',0.00),('O0064','C0008','2025-09-08','Completed',1352.76),('O0065','C0544','2025-11-18','Cancelled',665.22),('O0066','C0468','2025-03-11','Pending',0.00),('O0067','C0320','2025-06-27','Completed',129.81),('O0068','C0394','2025-07-07','Processing',742.55),('O0069','C0269','2025-05-19','Processing',2367.30),('O0070','C0191','2023-01-18','Completed',1386.52),('O0071','C0861','2025-11-26','Processing',1217.01),('O0072','C0675','2024-09-20','Completed',0.00),('O0073','C0061','2024-07-09','Shipped',1223.46),('O0074','C0438','2021-10-30','Completed',1144.95),('O0075','C0264','2023-09-14','Completed',1301.39),('O0076','C0797','2021-07-25','Processing',684.96),('O0077','C0095','2025-01-16','Completed',0.00),('O0078','C0553','2025-11-22','Shipped',228.91),('O0079','C0926','2024-01-03','Completed',4821.84),('O0080','C0470','2025-07-30','Completed',0.00),('O0081','C0661','2025-05-07','Completed',1048.75),('O0082','C0716','2025-01-30','Pending',3127.21),('O0083','C0779','2025-03-08','Cancelled',408.21),('O0084','C0514','2025-12-06','Completed',0.00),('O0085','C0690','2025-03-08','Shipped',1380.32),('O0086','C0937','2024-08-14','Shipped',0.00),('O0087','C0194','2025-03-11','Shipped',609.40),('O0088','C0482','2024-10-28','Pending',850.98),('O0089','C0899','2022-12-25','Processing',798.48),('O0090','C0336','2026-01-12','Pending',2787.31),('O0091','C0435','2024-01-17','Completed',0.00),('O0092','C0196','2026-01-14','Completed',0.00),('O0093','C0855','2025-11-27','Completed',352.56),('O0094','C0249','2024-01-24','Completed',740.21),('O0095','C0498','2025-03-06','Cancelled',1696.40),('O0096','C0212','2025-09-25','Completed',0.00),('O0097','C0665','2024-04-03','Completed',1001.60),('O0098','C0670','2025-09-03','Processing',342.45),('O0099','C0466','2024-06-27','Completed',354.46),('O0100','C0874','2026-01-18','Completed',0.00),('O0101','C0651','2025-11-09','Completed',2153.20),('O0102','C0221','2025-06-27','Processing',0.00),('O0103','C0273','2025-07-12','Completed',133.40),('O0104','C0154','2025-12-12','Completed',0.00),('O0105','C0249','2024-09-20','Pending',602.90),('O0106','C0279','2022-08-19','Cancelled',1273.36),('O0107','C0440','2023-03-26','Cancelled',863.88),('O0108','C0948','2025-05-29','Processing',1355.75),('O0109','C0816','2025-09-18','Completed',496.35),('O0110','C0276','2025-11-29','Completed',244.28),('O0111','C0514','2025-11-13','Completed',380.74),('O0112','C0088','2024-10-01','Completed',306.39),('O0113','C0799','2025-06-19','Completed',631.58),('O0114','C0923','2022-08-04','Completed',912.97),('O0115','C0642','2025-12-18','Pending',1359.40),('O0116','C0505','2026-02-04','Cancelled',230.92),('O0117','C0590','2024-08-23','Completed',3769.15),('O0118','C0772','2025-08-02','Shipped',0.00),('O0119','C0241','2023-10-12','Completed',0.00),('O0120','C0653','2022-11-16','Completed',915.60),('O0121','C0740','2024-02-20','Pending',0.00),('O0122','C0675','2026-01-18','Completed',2108.90),('O0123','C0236','2023-10-11','Completed',338.05),('O0124','C0128','2024-01-05','Completed',0.00),('O0125','C0503','2026-02-02','Processing',3130.60),('O0126','C0200','2024-09-30','Shipped',5233.11),('O0127','C0962','2024-11-15','Completed',39.85),('O0128','C0902','2025-06-13','Processing',1002.62),('O0129','C0543','2024-07-09','Shipped',855.24),('O0130','C0502','2022-05-05','Cancelled',4406.64),('O0131','C0650','2024-07-07','Processing',0.00),('O0132','C0492','2025-07-19','Completed',1671.02),('O0133','C0021','2025-12-30','Completed',0.00),('O0134','C0234','2024-05-04','Pending',793.67),('O0135','C0714','2024-09-18','Cancelled',1125.00),('O0136','C0791','2025-03-30','Pending',0.00),('O0137','C0643','2025-09-13','Cancelled',663.74),('O0138','C0416','2024-12-26','Processing',0.00),('O0139','C0148','2024-11-24','Processing',0.00),('O0140','C0970','2025-12-17','Processing',0.00),('O0141','C0029','2026-01-30','Processing',0.00),('O0142','C0361','2025-03-17','Processing',0.00),('O0143','C0308','2022-05-03','Completed',375.31),('O0144','C0883','2023-09-07','Completed',653.24),('O0145','C0942','2021-12-12','Pending',0.00),('O0146','C0162','2023-08-30','Processing',569.86),('O0147','C0869','2022-10-07','Pending',197.84),('O0148','C0852','2025-12-31','Shipped',0.00),('O0149','C0061','2022-02-08','Completed',0.00),('O0150','C0125','2025-04-04','Completed',162.93),('O0151','C0456','2024-12-01','Shipped',853.44),('O0152','C0071','2024-02-15','Completed',2267.57),('O0153','C0838','2026-01-12','Completed',869.52),('O0154','C0907','2024-07-23','Completed',1583.92),('O0155','C0876','2023-12-10','Completed',2075.50),('O0156','C0466','2024-06-17','Shipped',0.00),('O0157','C0243','2024-11-28','Completed',152.63),('O0158','C0490','2026-01-29','Cancelled',2452.43),('O0159','C0761','2025-04-29','Completed',0.00),('O0160','C0221','2025-06-25','Processing',0.00),('O0161','C0473','2026-01-09','Completed',73.45),('O0162','C0959','2025-04-04','Cancelled',122.49),('O0163','C0533','2025-07-04','Shipped',0.00),('O0164','C0494','2023-05-15','Completed',499.74),('O0165','C0899','2021-08-15','Processing',2593.09),('O0166','C0082','2026-01-25','Cancelled',2072.34),('O0167','C0856','2025-12-01','Completed',0.00),('O0168','C0879','2026-01-22','Completed',3412.46),('O0169','C0998','2024-02-26','Processing',712.04),('O0170','C0522','2025-04-23','Shipped',0.00),('O0171','C0923','2022-12-18','Completed',1061.10),('O0172','C0012','2025-08-06','Completed',95.88),('O0173','C0263','2023-09-09','Processing',1941.68),('O0174','C0657','2024-12-10','Shipped',0.00),('O0175','C0449','2024-09-04','Processing',0.00),('O0176','C0192','2025-03-13','Completed',457.05),('O0177','C0762','2025-09-06','Shipped',1940.00),('O0178','C0114','2022-07-11','Completed',0.00),('O0179','C0026','2025-04-03','Completed',4099.69),('O0180','C0783','2026-01-26','Cancelled',12.88),('O0181','C0499','2022-11-21','Processing',0.00),('O0182','C0508','2024-10-03','Completed',517.44),('O0183','C0545','2022-07-07','Completed',1191.90),('O0184','C0062','2024-06-15','Cancelled',956.15),('O0185','C0229','2025-09-10','Pending',177.64),('O0186','C0815','2022-02-15','Processing',0.00),('O0187','C0607','2026-01-05','Processing',145.45),('O0188','C0035','2022-09-21','Completed',0.00),('O0189','C0705','2023-06-10','Processing',4160.50),('O0190','C0456','2026-01-13','Shipped',0.00),('O0191','C0588','2025-11-21','Processing',3056.10),('O0192','C0891','2025-10-08','Cancelled',834.44),('O0193','C0502','2024-04-10','Processing',1925.16),('O0194','C0761','2025-04-24','Completed',0.00),('O0195','C0595','2025-09-07','Completed',0.00),('O0196','C0025','2024-04-14','Processing',0.00),('O0197','C0569','2025-10-30','Completed',341.22),('O0198','C0032','2025-09-20','Completed',1328.03),('O0199','C0831','2025-04-27','Processing',764.92),('O0200','C0012','2024-06-30','Processing',792.84),('O0201','C0319','2023-02-16','Completed',0.00),('O0202','C0845','2025-03-08','Processing',0.00),('O0203','C0604','2024-02-29','Cancelled',0.00),('O0204','C0001','2022-01-02','Pending',0.00),('O0205','C0435','2025-01-24','Processing',944.76),('O0206','C0838','2025-12-31','Completed',445.47),('O0207','C0136','2023-08-15','Completed',1137.48),('O0208','C0196','2026-01-28','Completed',0.00),('O0209','C0133','2024-08-06','Pending',4534.27),('O0210','C0985','2023-12-09','Pending',0.00),('O0211','C0086','2025-06-02','Processing',42.44),('O0212','C0476','2025-01-11','Processing',438.09),('O0213','C0807','2024-12-05','Cancelled',0.00),('O0214','C0791','2025-04-15','Processing',195.66),('O0215','C0324','2024-03-21','Completed',1217.68),('O0216','C0180','2024-05-08','Completed',1485.09),('O0217','C0516','2025-10-12','Processing',60.24),('O0218','C0638','2025-04-19','Completed',0.00),('O0219','C0175','2026-02-02','Completed',2557.47),('O0220','C0763','2024-08-01','Shipped',0.00),('O0221','C0021','2025-04-26','Completed',906.04),('O0222','C0997','2021-12-22','Processing',1881.45),('O0223','C0952','2025-12-24','Completed',0.00),('O0224','C0105','2023-05-04','Completed',443.74),('O0225','C0578','2025-07-26','Completed',1255.74),('O0226','C0443','2025-07-13','Cancelled',458.90),('O0227','C0775','2025-02-10','Completed',0.00),('O0228','C0049','2024-04-04','Pending',406.02),('O0229','C0528','2025-12-10','Processing',2188.89),('O0230','C0145','2025-06-01','Processing',392.06),('O0231','C0340','2024-01-28','Completed',0.00),('O0232','C0762','2025-07-28','Completed',859.78),('O0233','C0855','2024-07-29','Cancelled',955.52),('O0234','C0354','2023-04-27','Processing',0.00),('O0235','C0075','2025-02-05','Processing',0.00),('O0236','C0802','2025-05-26','Completed',1835.26),('O0237','C0929','2025-11-12','Shipped',945.02),('O0238','C0794','2025-02-16','Completed',0.00),('O0239','C0578','2025-08-17','Completed',0.00),('O0240','C0637','2023-11-02','Completed',0.00),('O0241','C0319','2022-07-14','Completed',1737.60),('O0242','C0087','2022-08-03','Pending',0.00),('O0243','C0553','2025-09-23','Completed',0.00),('O0244','C0982','2026-01-17','Cancelled',0.00),('O0245','C0698','2024-07-28','Completed',1441.40),('O0246','C0866','2025-01-31','Cancelled',0.00),('O0247','C0892','2024-11-29','Completed',2007.55),('O0248','C0847','2025-08-16','Completed',802.16),('O0249','C0778','2023-10-26','Completed',344.08),('O0250','C0783','2026-01-12','Completed',0.00),('O0251','C0042','2025-09-09','Pending',1514.50),('O0252','C0093','2024-06-22','Completed',0.00),('O0253','C0697','2023-08-18','Pending',1573.35),('O0254','C0727','2023-11-16','Completed',0.00),('O0255','C0507','2022-01-23','Cancelled',0.00),('O0256','C0529','2022-03-18','Shipped',287.81),('O0257','C0956','2025-07-24','Completed',0.00),('O0258','C0265','2025-09-03','Completed',0.00),('O0259','C0626','2025-03-13','Completed',0.00),('O0260','C0292','2026-01-04','Cancelled',59.36),('O0261','C0969','2025-04-16','Completed',2217.65),('O0262','C0464','2024-12-28','Pending',0.00),('O0263','C0804','2025-01-18','Pending',0.00),('O0264','C0560','2024-07-08','Processing',0.00),('O0265','C0819','2023-04-17','Cancelled',375.38),('O0266','C0097','2025-05-14','Cancelled',0.00),('O0267','C0887','2023-08-15','Completed',1777.15),('O0268','C0095','2024-04-15','Processing',147.64),('O0269','C0326','2024-03-24','Processing',0.00),('O0270','C0074','2025-12-30','Completed',2075.92),('O0271','C0336','2025-03-03','Processing',184.76),('O0272','C0068','2022-01-02','Completed',459.39),('O0273','C0758','2025-07-29','Processing',3251.29),('O0274','C0918','2021-05-10','Processing',1612.12),('O0275','C0077','2026-01-13','Completed',161.20),('O0276','C0208','2025-04-17','Shipped',0.00),('O0277','C0884','2025-01-10','Completed',0.00),('O0278','C0766','2025-03-10','Completed',433.68),('O0279','C0221','2025-08-01','Completed',351.60),('O0280','C0262','2024-10-08','Shipped',0.00),('O0281','C0410','2025-09-24','Completed',0.00),('O0282','C0331','2022-07-20','Completed',0.00),('O0283','C0344','2023-05-22','Shipped',1613.30),('O0284','C0989','2023-12-29','Completed',1803.62),('O0285','C0771','2024-08-11','Completed',266.12),('O0286','C0820','2024-08-08','Completed',216.62),('O0287','C0074','2025-05-29','Completed',2129.99),('O0288','C0637','2023-12-01','Completed',0.00),('O0289','C0700','2026-02-01','Completed',688.15),('O0290','C0254','2021-11-14','Processing',0.00),('O0291','C0959','2025-04-13','Shipped',11.23),('O0292','C0833','2026-01-19','Completed',985.55),('O0293','C0820','2024-02-06','Completed',0.00),('O0294','C0747','2025-09-18','Completed',1663.86),('O0295','C0986','2025-09-17','Cancelled',395.26),('O0296','C0762','2024-03-30','Completed',982.40),('O0297','C0332','2025-11-25','Completed',849.48),('O0298','C0398','2023-09-20','Processing',2856.79),('O0299','C0345','2021-04-13','Completed',0.00),('O0300','C0584','2025-12-19','Completed',0.00),('O0301','C0747','2025-05-03','Processing',0.00),('O0302','C0836','2024-04-01','Cancelled',0.00),('O0303','C0668','2026-01-01','Completed',805.82),('O0304','C0455','2026-01-20','Cancelled',0.00),('O0305','C0906','2025-12-02','Completed',1098.72),('O0306','C0115','2024-07-06','Shipped',376.80),('O0307','C0313','2025-01-09','Pending',0.00),('O0308','C0228','2024-02-19','Processing',756.27),('O0309','C0834','2025-09-20','Processing',109.94),('O0310','C0858','2025-08-05','Processing',285.96),('O0311','C0245','2024-12-04','Processing',0.00),('O0312','C0818','2025-04-25','Pending',909.98),('O0313','C0526','2023-12-14','Completed',1001.67),('O0314','C0528','2025-08-28','Completed',895.24),('O0315','C0950','2025-04-15','Cancelled',0.00),('O0316','C0427','2024-06-19','Processing',0.00),('O0317','C0042','2024-09-08','Completed',351.69),('O0318','C0465','2025-01-29','Processing',2871.73),('O0319','C0622','2023-09-29','Processing',0.00),('O0320','C0278','2023-12-04','Processing',0.00),('O0321','C0836','2025-09-12','Processing',1629.95),('O0322','C0019','2026-01-27','Completed',0.00),('O0323','C0066','2024-10-03','Completed',0.00),('O0324','C0167','2025-01-11','Completed',321.87),('O0325','C0585','2022-01-05','Completed',477.50),('O0326','C0403','2023-03-16','Cancelled',0.00),('O0327','C0912','2025-07-13','Processing',3186.29),('O0328','C0822','2025-10-20','Processing',1826.96),('O0329','C0409','2025-12-26','Cancelled',425.28),('O0330','C0112','2024-10-30','Completed',590.07),('O0331','C0274','2023-07-31','Completed',1288.96),('O0332','C0407','2025-10-18','Completed',0.00),('O0333','C0373','2026-01-16','Completed',0.00),('O0334','C0597','2025-12-22','Pending',1999.94),('O0335','C0651','2024-01-30','Completed',217.31),('O0336','C0039','2024-06-24','Completed',0.00),('O0337','C0105','2024-06-14','Completed',1227.95),('O0338','C0324','2024-03-04','Cancelled',2460.70),('O0339','C0793','2024-08-26','Completed',0.00),('O0340','C0959','2024-10-05','Pending',3951.82),('O0341','C0992','2024-12-20','Completed',1579.60),('O0342','C0414','2025-08-03','Processing',273.69),('O0343','C0429','2025-05-18','Completed',5337.95),('O0344','C0635','2026-01-14','Pending',2665.04),('O0345','C0730','2023-12-17','Shipped',1396.02),('O0346','C0889','2025-03-25','Cancelled',0.00),('O0347','C0061','2023-08-20','Processing',950.05),('O0348','C0612','2025-12-22','Completed',0.00),('O0349','C0307','2024-11-24','Completed',761.05),('O0350','C0354','2023-09-11','Completed',0.00),('O0351','C0393','2025-11-19','Cancelled',0.00),('O0352','C0204','2025-10-21','Completed',2426.01),('O0353','C0258','2024-06-28','Completed',0.00),('O0354','C0486','2025-05-05','Pending',0.00),('O0355','C0517','2024-03-27','Pending',2447.85),('O0356','C0446','2024-12-02','Completed',0.00),('O0357','C0709','2024-05-05','Shipped',1030.85),('O0358','C0180','2023-05-20','Cancelled',0.00),('O0359','C0342','2025-06-13','Completed',0.00),('O0360','C0133','2025-05-06','Completed',0.00),('O0361','C0443','2025-11-22','Shipped',2248.48),('O0362','C0836','2025-02-04','Pending',0.00),('O0363','C0253','2024-03-30','Completed',369.68),('O0364','C0265','2026-01-26','Completed',0.00),('O0365','C0093','2025-07-27','Cancelled',0.00),('O0366','C0662','2026-02-01','Processing',1380.12),('O0367','C0411','2025-08-07','Cancelled',1654.55),('O0368','C0138','2023-11-25','Completed',1709.61),('O0369','C0208','2025-06-20','Completed',992.16),('O0370','C0637','2024-09-11','Processing',0.00),('O0371','C0746','2024-08-29','Completed',0.00),('O0372','C0573','2026-01-21','Processing',1384.60),('O0373','C0307','2021-04-06','Processing',0.00),('O0374','C0266','2024-09-21','Completed',642.28),('O0375','C0646','2026-01-05','Processing',2095.90),('O0376','C0318','2025-08-18','Completed',1089.58),('O0377','C0113','2025-12-09','Processing',0.00),('O0378','C0901','2025-08-21','Completed',0.00),('O0379','C0378','2024-07-04','Completed',1354.35),('O0380','C0454','2025-04-30','Cancelled',0.00),('O0381','C0191','2024-08-17','Processing',282.91),('O0382','C0891','2023-01-01','Completed',0.00),('O0383','C0440','2024-04-17','Cancelled',1408.10),('O0384','C0187','2025-07-28','Completed',994.74),('O0385','C0831','2025-01-08','Completed',0.00),('O0386','C0367','2025-12-07','Completed',34.70),('O0387','C0089','2024-11-17','Completed',1076.85),('O0388','C0187','2025-04-11','Completed',33.36),('O0389','C0819','2024-09-03','Completed',352.20),('O0390','C0946','2025-05-23','Completed',211.23),('O0391','C0132','2024-08-18','Completed',1596.69),('O0392','C0872','2025-07-28','Completed',582.99),('O0393','C0635','2026-01-15','Processing',0.00),('O0394','C0560','2024-07-15','Completed',0.00),('O0395','C0800','2025-09-23','Processing',0.00),('O0396','C0376','2024-10-23','Shipped',0.00),('O0397','C0691','2024-12-03','Cancelled',0.00),('O0398','C0692','2023-07-01','Cancelled',773.37),('O0399','C0099','2025-12-31','Processing',0.00),('O0400','C0842','2025-07-29','Completed',0.00),('O0401','C0034','2026-01-26','Pending',2125.30),('O0402','C0932','2025-10-02','Shipped',2214.94),('O0403','C0582','2024-10-12','Cancelled',0.00),('O0404','C0171','2025-08-24','Processing',1847.25),('O0405','C0366','2025-03-17','Completed',0.00),('O0406','C0784','2025-08-19','Cancelled',0.00),('O0407','C0059','2026-01-07','Pending',0.00),('O0408','C0181','2024-06-12','Completed',0.00),('O0409','C0019','2025-10-26','Completed',0.00),('O0410','C0226','2025-11-20','Cancelled',985.24),('O0411','C0473','2023-04-16','Processing',392.24),('O0412','C0095','2026-01-16','Pending',0.00),('O0413','C0881','2025-09-13','Processing',428.36),('O0414','C0297','2026-01-27','Completed',0.00),('O0415','C0593','2025-10-06','Completed',605.96),('O0416','C0175','2026-02-01','Completed',0.00),('O0417','C0222','2025-06-16','Completed',0.00),('O0418','C0615','2026-01-17','Completed',0.00),('O0419','C0054','2023-09-02','Completed',1003.77),('O0420','C0695','2026-01-07','Shipped',0.00),('O0421','C0863','2024-11-01','Shipped',0.00),('O0422','C0403','2025-03-17','Completed',1505.50),('O0423','C0318','2024-09-14','Completed',0.00),('O0424','C0867','2025-09-27','Completed',974.32),('O0425','C0349','2023-04-23','Cancelled',1767.85),('O0426','C0443','2025-07-07','Completed',2833.64),('O0427','C0833','2026-01-15','Completed',106.55),('O0428','C0580','2026-02-02','Processing',921.42),('O0429','C0540','2025-10-09','Processing',701.40),('O0430','C0786','2025-02-27','Completed',0.00),('O0431','C0282','2024-05-08','Completed',1316.90),('O0432','C0360','2024-04-12','Completed',256.74),('O0433','C0915','2023-04-23','Processing',383.16),('O0434','C0823','2025-12-31','Pending',3084.24),('O0435','C0631','2024-03-17','Completed',445.41),('O0436','C0892','2024-11-14','Shipped',0.00),('O0437','C0953','2025-06-19','Completed',0.00),('O0438','C0646','2025-11-04','Completed',1041.57),('O0439','C0641','2023-10-17','Completed',5516.49),('O0440','C0008','2024-07-22','Pending',2073.34),('O0441','C0993','2024-12-18','Completed',0.00),('O0442','C0563','2022-12-12','Completed',2433.56),('O0443','C0491','2025-04-01','Completed',0.00),('O0444','C0341','2024-04-24','Completed',455.54),('O0445','C0472','2026-01-27','Processing',222.14),('O0446','C0793','2025-11-02','Completed',2835.43),('O0447','C0687','2023-11-19','Completed',1909.58),('O0448','C0695','2025-11-10','Cancelled',227.13),('O0449','C0704','2024-09-24','Processing',0.00),('O0450','C0249','2024-10-18','Processing',0.00),('O0451','C0235','2023-08-26','Pending',0.00),('O0452','C0083','2025-03-24','Completed',2208.55),('O0453','C0093','2024-09-21','Shipped',0.00),('O0454','C0885','2026-01-25','Shipped',0.00),('O0455','C0394','2025-05-29','Completed',0.00),('O0456','C0824','2026-01-26','Processing',0.00),('O0457','C0268','2026-01-20','Completed',0.00),('O0458','C0417','2024-04-02','Processing',0.00),('O0459','C0632','2024-05-12','Processing',335.32),('O0460','C0583','2024-08-07','Cancelled',0.00),('O0461','C0529','2023-11-04','Processing',282.28),('O0462','C0253','2024-08-23','Shipped',0.00),('O0463','C0957','2024-06-17','Completed',450.26),('O0464','C0122','2023-09-05','Completed',2820.14),('O0465','C0892','2025-06-27','Completed',0.00),('O0466','C0010','2025-11-01','Completed',610.72),('O0467','C0799','2025-07-07','Shipped',4495.11),('O0468','C0316','2024-03-04','Completed',0.00),('O0469','C0838','2025-09-25','Completed',0.00),('O0470','C0273','2025-11-29','Cancelled',783.63),('O0471','C0306','2026-01-07','Processing',1205.70),('O0472','C0805','2024-11-23','Completed',1382.96),('O0473','C0210','2026-01-12','Completed',0.00),('O0474','C0958','2025-10-29','Completed',336.87),('O0475','C0730','2024-03-05','Shipped',0.00),('O0476','C0753','2024-09-07','Completed',0.00),('O0477','C0886','2023-06-27','Cancelled',500.10),('O0478','C0464','2022-12-31','Completed',0.00),('O0479','C0712','2025-01-14','Completed',673.80),('O0480','C0728','2025-02-04','Processing',0.00),('O0481','C0717','2023-09-10','Completed',508.48),('O0482','C0925','2024-11-09','Completed',2464.49),('O0483','C0416','2025-02-03','Completed',903.45),('O0484','C0216','2025-03-31','Pending',1058.52),('O0485','C0080','2024-12-14','Pending',754.66),('O0486','C0779','2024-08-15','Completed',0.00),('O0487','C0480','2025-11-18','Completed',245.94),('O0488','C0902','2024-11-05','Completed',2084.85),('O0489','C0891','2025-08-22','Cancelled',501.69),('O0490','C0547','2023-11-16','Processing',0.00),('O0491','C0801','2026-01-04','Pending',560.90),('O0492','C0018','2025-03-17','Cancelled',483.66),('O0493','C0165','2024-11-26','Completed',730.28),('O0494','C0525','2021-07-18','Completed',464.74),('O0495','C0202','2025-09-28','Completed',512.68),('O0496','C0741','2025-01-17','Completed',2775.75),('O0497','C0346','2024-05-16','Completed',0.00),('O0498','C0366','2026-01-28','Pending',1695.17),('O0499','C0977','2025-04-17','Cancelled',3016.87),('O0500','C0448','2024-03-22','Processing',869.28),('O0501','C0513','2022-12-14','Completed',1703.84),('O0502','C0319','2023-04-03','Cancelled',2927.08),('O0503','C0217','2023-04-07','Processing',3717.36),('O0504','C0034','2026-01-23','Cancelled',0.00),('O0505','C0871','2024-11-14','Completed',0.00),('O0506','C0266','2023-05-21','Completed',66.59),('O0507','C0640','2024-08-11','Completed',0.00),('O0508','C0724','2021-11-20','Completed',792.64),('O0509','C0775','2025-12-25','Shipped',1650.60),('O0510','C0824','2024-03-27','Completed',0.00),('O0511','C0080','2024-11-28','Completed',0.00),('O0512','C0677','2025-08-13','Shipped',135.40),('O0513','C0413','2024-03-13','Processing',147.18),('O0514','C0252','2025-09-03','Completed',0.00),('O0515','C0012','2025-05-13','Shipped',123.87),('O0516','C0401','2024-03-24','Completed',1114.95),('O0517','C0816','2025-10-05','Completed',0.00),('O0518','C0724','2024-07-16','Completed',3113.72),('O0519','C0282','2025-11-23','Cancelled',2490.15),('O0520','C0112','2025-05-06','Processing',0.00),('O0521','C0723','2025-07-06','Completed',3904.65),('O0522','C0378','2024-12-15','Pending',1958.96),('O0523','C0751','2024-11-04','Completed',0.00),('O0524','C0268','2023-04-03','Pending',0.00),('O0525','C0917','2023-09-17','Completed',514.47),('O0526','C0298','2024-03-05','Completed',0.00),('O0527','C0317','2025-05-18','Processing',1172.30),('O0528','C0570','2023-10-11','Cancelled',4089.52),('O0529','C0509','2022-04-21','Completed',2281.20),('O0530','C0950','2025-02-22','Completed',1371.45),('O0531','C0546','2024-09-25','Completed',640.95),('O0532','C0775','2025-08-16','Completed',428.26),('O0533','C0365','2025-11-14','Processing',1688.35),('O0534','C0547','2024-06-19','Processing',514.41),('O0535','C0271','2025-05-26','Completed',1245.68),('O0536','C0961','2025-07-03','Completed',1582.15),('O0537','C0474','2024-11-24','Processing',1104.09),('O0538','C0739','2023-09-10','Completed',2376.81),('O0539','C0537','2023-02-25','Cancelled',0.00),('O0540','C0234','2024-03-10','Completed',483.43),('O0541','C0059','2025-02-19','Shipped',0.00),('O0542','C0251','2025-08-18','Pending',2779.80),('O0543','C0847','2025-11-17','Processing',1080.60),('O0544','C0086','2026-01-15','Processing',296.13),('O0545','C0763','2024-08-01','Completed',0.00),('O0546','C0390','2024-03-20','Shipped',3067.11),('O0547','C0180','2023-12-16','Processing',2207.67),('O0548','C0719','2025-02-06','Completed',1713.09),('O0549','C0856','2026-01-15','Completed',911.82),('O0550','C0149','2025-11-03','Completed',1796.58),('O0551','C0583','2026-01-31','Completed',991.92),('O0552','C0121','2025-12-17','Completed',0.00),('O0553','C0765','2023-06-22','Cancelled',572.86),('O0554','C0605','2025-02-03','Completed',425.60),('O0555','C0256','2025-05-12','Processing',0.00),('O0556','C0766','2025-07-13','Completed',0.00),('O0557','C0864','2025-07-06','Completed',480.30),('O0558','C0800','2026-01-22','Pending',731.92),('O0559','C0309','2025-08-27','Pending',279.53),('O0560','C0059','2024-10-17','Completed',372.93),('O0561','C0069','2025-02-04','Completed',0.00),('O0562','C0446','2023-12-12','Completed',732.12),('O0563','C0388','2025-09-22','Shipped',16.89),('O0564','C0086','2025-08-30','Processing',0.00),('O0565','C0786','2025-12-06','Completed',0.00),('O0566','C0227','2025-11-30','Shipped',138.80),('O0567','C0593','2024-08-02','Shipped',803.31),('O0568','C0626','2025-12-31','Completed',938.40),('O0569','C0184','2025-05-29','Processing',1290.39),('O0570','C0792','2024-02-06','Processing',0.00),('O0571','C0322','2025-03-26','Completed',0.00),('O0572','C0909','2022-07-17','Completed',1720.85),('O0573','C0318','2025-04-07','Completed',367.69),('O0574','C0566','2025-09-06','Completed',1024.63),('O0575','C0399','2025-10-31','Shipped',156.32),('O0576','C0709','2023-11-10','Completed',0.00),('O0577','C0899','2025-11-26','Processing',0.00),('O0578','C0293','2025-08-23','Shipped',0.00),('O0579','C0293','2025-06-11','Cancelled',1697.85),('O0580','C0485','2024-09-05','Cancelled',0.00),('O0581','C0899','2025-10-25','Completed',0.00),('O0582','C0447','2025-06-14','Completed',1970.88),('O0583','C0803','2022-12-12','Cancelled',2044.80),('O0584','C0692','2025-12-13','Completed',186.54),('O0585','C0983','2021-04-01','Completed',0.00),('O0586','C0892','2025-05-03','Processing',3581.75),('O0587','C0412','2025-10-14','Cancelled',592.17),('O0588','C0508','2023-08-28','Completed',725.82),('O0589','C0734','2024-10-02','Cancelled',2322.96),('O0590','C0786','2025-06-25','Processing',1784.45),('O0591','C0890','2024-12-15','Completed',985.45),('O0592','C0244','2025-09-01','Completed',1459.70),('O0593','C0420','2026-01-08','Processing',81.73),('O0594','C0929','2025-07-07','Completed',281.23),('O0595','C0960','2024-05-08','Completed',252.34),('O0596','C0154','2025-12-21','Pending',0.00),('O0597','C0816','2025-11-14','Processing',1791.99),('O0598','C0424','2025-11-10','Completed',0.00),('O0599','C0273','2025-11-22','Completed',971.04),('O0600','C0936','2025-09-17','Completed',298.20),('O0601','C0647','2022-10-15','Processing',859.02),('O0602','C0825','2025-04-12','Completed',640.46),('O0603','C0520','2021-05-08','Cancelled',0.00),('O0604','C0128','2024-05-17','Processing',605.08),('O0605','C0373','2025-07-04','Completed',72.97),('O0606','C0568','2023-09-04','Processing',0.00),('O0607','C0638','2026-01-06','Processing',0.00),('O0608','C0159','2025-12-01','Processing',501.04),('O0609','C0571','2025-11-06','Completed',4071.23),('O0610','C0570','2023-11-24','Cancelled',1942.20),('O0611','C0652','2026-01-03','Processing',3089.34),('O0612','C0176','2025-06-23','Processing',3966.04),('O0613','C0927','2025-10-24','Completed',0.00),('O0614','C0620','2025-08-07','Processing',0.00),('O0615','C0211','2026-01-13','Completed',1381.53),('O0616','C0447','2026-01-25','Completed',440.32),('O0617','C0586','2025-08-27','Completed',1647.56),('O0618','C0167','2025-11-08','Processing',1545.04),('O0619','C0460','2025-10-18','Completed',0.00),('O0620','C0916','2024-03-07','Pending',27.97),('O0621','C0357','2024-10-30','Processing',6528.71),('O0622','C0304','2026-01-09','Completed',0.00),('O0623','C0233','2025-11-02','Cancelled',276.72),('O0624','C0327','2024-03-16','Completed',0.00),('O0625','C0884','2023-08-06','Completed',1281.16),('O0626','C0182','2025-05-15','Shipped',0.00),('O0627','C0634','2025-03-03','Processing',962.19),('O0628','C0334','2023-06-14','Pending',727.14),('O0629','C0715','2025-04-19','Processing',184.62),('O0630','C0967','2025-04-01','Completed',0.00),('O0631','C0029','2026-01-28','Completed',199.04),('O0632','C0714','2025-10-08','Pending',0.00),('O0633','C0093','2025-06-06','Completed',0.00),('O0634','C0841','2026-01-07','Completed',1626.60),('O0635','C0868','2025-10-18','Pending',0.00),('O0636','C0688','2026-01-03','Completed',0.00),('O0637','C0330','2024-12-12','Completed',0.00),('O0638','C0723','2026-01-08','Pending',779.88),('O0639','C0184','2025-08-13','Cancelled',344.44),('O0640','C0095','2025-11-03','Processing',0.00),('O0641','C0785','2024-12-13','Cancelled',396.51),('O0642','C0649','2025-12-10','Completed',0.00),('O0643','C0749','2025-01-04','Processing',0.00),('O0644','C0353','2024-03-11','Processing',0.00),('O0645','C0930','2024-04-16','Completed',0.00),('O0646','C0941','2025-12-09','Completed',996.77),('O0647','C0984','2023-11-06','Cancelled',0.00),('O0648','C0265','2025-08-12','Cancelled',0.00),('O0649','C0647','2022-10-06','Processing',980.64),('O0650','C0656','2026-01-17','Shipped',0.00),('O0651','C0019','2026-01-18','Cancelled',0.00),('O0652','C0743','2026-01-03','Processing',190.67),('O0653','C0646','2025-10-03','Pending',218.34),('O0654','C0626','2025-10-09','Completed',1119.80),('O0655','C0499','2023-09-25','Processing',0.00),('O0656','C0139','2025-10-25','Completed',0.00),('O0657','C0637','2023-05-18','Processing',633.00),('O0658','C0716','2025-09-04','Processing',3149.52),('O0659','C0573','2025-05-06','Shipped',1818.56),('O0660','C0762','2025-10-12','Cancelled',2543.55),('O0661','C0810','2025-01-25','Completed',476.88),('O0662','C0525','2022-11-25','Completed',180.31),('O0663','C0908','2023-11-20','Completed',2528.15),('O0664','C0255','2026-01-08','Cancelled',686.45),('O0665','C0085','2025-01-30','Shipped',366.20),('O0666','C0458','2024-08-02','Cancelled',0.00),('O0667','C0532','2024-06-02','Completed',230.29),('O0668','C0562','2024-03-24','Pending',0.00),('O0669','C0676','2025-12-13','Processing',983.12),('O0670','C0092','2023-10-29','Completed',996.84),('O0671','C0600','2022-08-07','Pending',0.00),('O0672','C0069','2025-11-19','Processing',0.00),('O0673','C0037','2025-07-31','Cancelled',0.00),('O0674','C0765','2024-06-12','Completed',2290.05),('O0675','C0764','2025-12-21','Processing',0.00),('O0676','C0140','2022-12-03','Completed',0.00),('O0677','C0867','2025-03-31','Processing',0.00),('O0678','C0893','2025-05-23','Completed',0.00),('O0679','C0680','2021-03-17','Completed',0.00),('O0680','C0566','2024-04-10','Processing',1047.67),('O0681','C0898','2024-11-19','Completed',30.84),('O0682','C0178','2021-07-03','Shipped',2943.15),('O0683','C0809','2025-02-07','Processing',12.44),('O0684','C0813','2024-10-19','Processing',0.00),('O0685','C0871','2025-05-17','Processing',114.43),('O0686','C0618','2025-02-04','Completed',435.57),('O0687','C0137','2025-04-18','Shipped',1861.00),('O0688','C0190','2025-12-29','Completed',2437.55),('O0689','C0640','2024-10-23','Completed',0.00),('O0690','C0342','2023-12-26','Processing',104.43),('O0691','C0559','2026-01-06','Completed',715.42),('O0692','C0005','2024-09-20','Cancelled',1956.90),('O0693','C0972','2024-05-16','Pending',781.50),('O0694','C0257','2025-12-17','Cancelled',782.33),('O0695','C0812','2024-06-06','Processing',41.40),('O0696','C0662','2025-03-17','Completed',2097.70),('O0697','C0806','2023-12-11','Cancelled',2717.50),('O0698','C0243','2025-10-14','Processing',37.57),('O0699','C0787','2023-04-26','Pending',981.78),('O0700','C0720','2024-05-20','Completed',1170.84),('O0701','C0415','2025-03-07','Cancelled',25.61),('O0702','C0627','2024-11-30','Completed',1590.86),('O0703','C0707','2026-01-29','Completed',313.59),('O0704','C0343','2023-08-19','Processing',2446.84),('O0705','C0682','2025-10-08','Pending',922.23),('O0706','C0379','2025-07-10','Processing',0.00),('O0707','C0594','2026-01-29','Processing',568.36),('O0708','C0666','2024-02-08','Cancelled',526.46),('O0709','C0653','2022-01-06','Completed',439.54),('O0710','C0826','2024-07-02','Completed',169.10),('O0711','C0146','2025-09-23','Completed',0.00),('O0712','C0323','2025-11-01','Processing',0.00),('O0713','C0122','2022-04-13','Completed',883.38),('O0714','C0252','2025-07-07','Completed',0.00),('O0715','C0855','2024-01-08','Pending',892.92),('O0716','C0899','2024-02-16','Completed',453.10),('O0717','C0311','2023-05-18','Completed',0.00),('O0718','C0601','2022-04-24','Cancelled',1109.10),('O0719','C0475','2023-05-29','Completed',0.00),('O0720','C0570','2023-10-25','Completed',497.17),('O0721','C0492','2026-01-11','Completed',409.94),('O0722','C0575','2025-07-28','Shipped',499.26),('O0723','C0347','2025-03-02','Cancelled',318.08),('O0724','C0820','2025-01-15','Completed',158.20),('O0725','C0487','2025-09-10','Cancelled',0.00),('O0726','C0473','2025-02-07','Completed',2755.68),('O0727','C0382','2024-04-29','Processing',0.00),('O0728','C0280','2025-08-28','Completed',583.65),('O0729','C0072','2025-07-12','Cancelled',0.00),('O0730','C0521','2026-01-17','Processing',0.00),('O0731','C0366','2023-12-20','Processing',1230.60),('O0732','C0933','2024-10-15','Completed',1427.88),('O0733','C0094','2026-01-19','Completed',0.00),('O0734','C0373','2025-07-25','Shipped',0.00),('O0735','C0339','2025-04-27','Completed',1605.17),('O0736','C0437','2025-06-24','Processing',894.73),('O0737','C0336','2025-05-25','Shipped',0.00),('O0738','C0664','2024-06-04','Shipped',1130.80),('O0739','C0492','2025-12-18','Completed',732.45),('O0740','C0917','2023-09-27','Shipped',81.07),('O0741','C0868','2025-07-03','Cancelled',0.00),('O0742','C0040','2023-04-28','Processing',0.00),('O0743','C0359','2022-06-13','Completed',0.00),('O0744','C0574','2024-02-12','Completed',841.92),('O0745','C0254','2024-05-20','Completed',0.00),('O0746','C0966','2026-01-31','Completed',0.00),('O0747','C0581','2026-01-30','Cancelled',0.00),('O0748','C0398','2023-07-22','Processing',2493.40),('O0749','C0757','2023-11-02','Completed',171.24),('O0750','C0877','2024-09-01','Processing',999.86),('O0751','C0170','2023-04-13','Completed',903.80),('O0752','C0690','2025-08-14','Completed',0.00),('O0753','C0701','2025-07-20','Completed',1313.61),('O0754','C0511','2025-12-10','Completed',0.00),('O0755','C0260','2024-04-07','Processing',0.00),('O0756','C0584','2023-05-05','Completed',1773.54),('O0757','C0984','2024-07-31','Cancelled',226.10),('O0758','C0459','2025-01-19','Completed',2882.75),('O0759','C0529','2023-04-24','Processing',115.22),('O0760','C0882','2026-01-31','Completed',0.00),('O0761','C0341','2024-04-19','Completed',497.32),('O0762','C0057','2024-07-18','Completed',770.40),('O0763','C0218','2022-12-30','Completed',1488.60),('O0764','C0619','2023-11-28','Completed',0.00),('O0765','C0816','2025-11-16','Processing',487.46),('O0766','C0940','2022-12-17','Cancelled',0.00),('O0767','C0685','2025-11-30','Cancelled',0.00),('O0768','C0731','2025-09-09','Pending',669.20),('O0769','C0464','2024-08-05','Completed',0.00),('O0770','C0247','2023-02-27','Completed',1332.84),('O0771','C0730','2024-04-01','Processing',1714.45),('O0772','C0373','2025-10-28','Processing',295.44),('O0773','C0417','2025-10-01','Processing',0.00),('O0774','C0031','2025-09-17','Processing',0.00),('O0775','C0368','2025-01-30','Completed',1500.44),('O0776','C0559','2024-08-10','Completed',2025.70),('O0777','C0646','2025-08-25','Completed',0.00),('O0778','C0108','2025-02-24','Completed',0.00),('O0779','C0584','2022-10-04','Completed',0.00),('O0780','C0839','2025-10-15','Completed',0.00),('O0781','C0418','2024-12-19','Cancelled',106.00),('O0782','C0620','2025-06-26','Processing',0.00),('O0783','C0821','2025-12-17','Shipped',172.76),('O0784','C0398','2024-03-25','Processing',708.30),('O0785','C0272','2025-12-09','Completed',249.00),('O0786','C0683','2024-09-07','Completed',0.00),('O0787','C0116','2024-12-06','Cancelled',0.00),('O0788','C0841','2025-05-11','Completed',1408.70),('O0789','C0586','2026-01-31','Completed',1339.70),('O0790','C0256','2024-11-09','Completed',2018.90),('O0791','C0081','2022-02-24','Completed',2455.20),('O0792','C0780','2025-03-01','Pending',0.00),('O0793','C0128','2023-06-19','Completed',0.00),('O0794','C0838','2025-10-03','Pending',1032.14),('O0795','C0915','2025-01-14','Cancelled',0.00),('O0796','C0235','2023-09-12','Completed',0.00),('O0797','C0553','2025-01-08','Completed',792.76),('O0798','C0181','2025-08-20','Completed',1214.19),('O0799','C0157','2025-08-16','Completed',1002.89),('O0800','C0454','2024-09-25','Shipped',969.28),('O0801','C0571','2025-12-16','Shipped',0.00),('O0802','C0857','2024-07-08','Cancelled',208.09),('O0803','C0761','2026-02-01','Completed',383.81),('O0804','C0704','2024-12-31','Cancelled',1128.24),('O0805','C0024','2025-09-28','Cancelled',0.00),('O0806','C0473','2022-08-01','Pending',664.74),('O0807','C0400','2025-12-23','Cancelled',0.00),('O0808','C0948','2025-09-01','Pending',884.36),('O0809','C0592','2024-04-26','Cancelled',0.00),('O0810','C0134','2023-08-28','Shipped',0.00),('O0811','C0421','2026-02-02','Completed',0.00),('O0812','C0213','2025-10-03','Shipped',0.00),('O0813','C0900','2024-10-17','Completed',1519.09),('O0814','C0482','2025-02-06','Completed',594.92),('O0815','C0348','2021-10-23','Processing',0.00),('O0816','C0166','2025-11-27','Processing',0.00),('O0817','C0937','2025-11-01','Completed',590.61),('O0818','C0348','2025-10-11','Completed',969.74),('O0819','C0849','2025-01-16','Completed',1985.46),('O0820','C0398','2024-10-10','Pending',1353.74),('O0821','C0583','2025-09-05','Processing',0.00),('O0822','C0726','2025-12-25','Processing',0.00),('O0823','C0435','2025-12-22','Cancelled',0.00),('O0824','C0577','2023-04-22','Completed',476.20),('O0825','C0221','2025-12-27','Cancelled',2411.08),('O0826','C0308','2022-08-14','Completed',810.18),('O0827','C0991','2026-01-15','Processing',1250.15),('O0828','C0798','2025-01-06','Processing',156.67),('O0829','C0697','2022-02-21','Cancelled',420.10),('O0830','C0719','2023-08-23','Completed',0.00),('O0831','C0466','2024-08-22','Completed',651.27),('O0832','C0099','2026-01-22','Completed',3542.87),('O0833','C0242','2025-04-25','Processing',0.00),('O0834','C0158','2025-07-27','Completed',699.83),('O0835','C0610','2022-04-14','Completed',902.46),('O0836','C0554','2025-06-07','Completed',479.43),('O0837','C0651','2024-09-21','Processing',0.00),('O0838','C0795','2025-12-08','Completed',1027.72),('O0839','C0920','2025-01-28','Processing',0.00),('O0840','C0227','2025-07-05','Processing',1162.27),('O0841','C0423','2023-02-12','Processing',633.12),('O0842','C0072','2025-07-25','Completed',0.00),('O0843','C0243','2026-01-09','Completed',1337.80),('O0844','C0530','2025-04-28','Completed',1495.56),('O0845','C0589','2023-12-29','Completed',1265.40),('O0846','C0045','2024-02-25','Completed',295.96),('O0847','C0472','2026-01-23','Cancelled',520.93),('O0848','C0371','2025-12-26','Completed',1953.26),('O0849','C0855','2025-08-13','Processing',17.37),('O0850','C0652','2026-01-17','Completed',2870.97),('O0851','C0689','2024-01-31','Cancelled',0.00),('O0852','C0734','2025-06-14','Processing',2231.00),('O0853','C0927','2025-10-15','Shipped',3318.70),('O0854','C0092','2022-04-03','Processing',0.00),('O0855','C0022','2025-06-11','Shipped',603.78),('O0856','C0172','2024-06-17','Processing',0.00),('O0857','C0604','2024-07-17','Completed',0.00),('O0858','C0192','2024-05-14','Pending',0.00),('O0859','C0077','2023-09-17','Completed',962.00),('O0860','C0281','2025-12-19','Completed',125.55),('O0861','C0364','2024-05-14','Completed',0.00),('O0862','C0179','2025-12-06','Completed',20.90),('O0863','C0238','2026-01-28','Completed',0.00),('O0864','C0135','2024-04-02','Completed',1622.85),('O0865','C0877','2025-04-12','Completed',0.00),('O0866','C0902','2026-01-21','Processing',1653.68),('O0867','C0280','2024-09-21','Completed',0.00),('O0868','C0019','2026-01-07','Shipped',0.00),('O0869','C0595','2026-01-19','Completed',0.00),('O0870','C0740','2024-03-20','Processing',946.56),('O0871','C0371','2026-01-16','Processing',1047.58),('O0872','C0777','2026-01-15','Cancelled',301.14),('O0873','C0112','2025-09-01','Cancelled',1826.88),('O0874','C0763','2026-01-30','Completed',115.48),('O0875','C0676','2026-01-22','Processing',1980.36),('O0876','C0870','2023-01-06','Processing',0.00),('O0877','C0680','2025-08-25','Processing',496.94),('O0878','C0221','2025-07-07','Cancelled',36.93),('O0879','C0920','2024-09-04','Completed',0.00),('O0880','C0304','2025-12-11','Processing',0.00),('O0881','C0703','2024-12-06','Completed',0.00),('O0882','C0325','2026-01-05','Cancelled',2473.20),('O0883','C0437','2026-01-26','Completed',1091.60),('O0884','C0438','2023-07-29','Processing',1292.74),('O0885','C0170','2025-11-14','Completed',1207.06),('O0886','C0375','2025-01-24','Completed',224.63),('O0887','C0557','2025-03-30','Cancelled',1763.31),('O0888','C0381','2025-11-12','Processing',659.64),('O0889','C0986','2025-09-22','Cancelled',1608.88),('O0890','C0014','2025-01-07','Completed',1152.65),('O0891','C0743','2026-01-17','Completed',218.18),('O0892','C0669','2023-04-09','Shipped',502.56),('O0893','C0500','2025-03-14','Processing',2494.59),('O0894','C0646','2025-11-17','Processing',441.68),('O0895','C0391','2025-02-22','Completed',307.31),('O0896','C0549','2024-03-03','Processing',0.00),('O0897','C0565','2024-07-26','Completed',3395.07),('O0898','C0530','2023-04-01','Pending',0.00),('O0899','C0983','2025-11-23','Completed',1318.88),('O0900','C0492','2025-09-05','Completed',0.00),('O0901','C0550','2025-02-28','Processing',0.00),('O0902','C0699','2025-12-10','Pending',1012.60),('O0903','C0385','2025-01-31','Completed',703.46),('O0904','C0196','2026-01-04','Completed',0.00),('O0905','C0755','2025-07-03','Completed',181.34),('O0906','C0300','2025-04-30','Cancelled',0.00),('O0907','C0815','2024-01-06','Completed',0.00),('O0908','C0547','2025-10-11','Completed',0.00),('O0909','C0727','2025-01-20','Cancelled',381.40),('O0910','C0731','2026-01-08','Cancelled',0.00),('O0911','C0828','2026-01-03','Shipped',0.00),('O0912','C0602','2024-10-15','Pending',1167.18),('O0913','C0308','2024-11-24','Processing',1179.66),('O0914','C0252','2025-12-20','Processing',2063.59),('O0915','C0008','2025-01-31','Processing',4279.44),('O0916','C0768','2025-09-05','Cancelled',0.00),('O0917','C0875','2025-03-22','Completed',3701.68),('O0918','C0208','2025-03-14','Processing',0.00),('O0919','C0937','2026-01-17','Completed',2978.55),('O0920','C0131','2022-08-14','Completed',1129.14),('O0921','C0736','2023-09-02','Completed',1287.00),('O0922','C0709','2024-07-07','Completed',0.00),('O0923','C0980','2025-01-18','Processing',0.00),('O0924','C0654','2024-12-21','Cancelled',0.00),('O0925','C0764','2025-05-22','Cancelled',1252.66),('O0926','C0608','2023-03-28','Cancelled',0.00),('O0927','C0026','2025-03-24','Pending',726.80),('O0928','C0623','2025-09-20','Completed',2080.80),('O0929','C0454','2025-03-26','Cancelled',214.24),('O0930','C0635','2026-01-30','Shipped',104.25),('O0931','C0186','2025-11-17','Completed',0.00),('O0932','C0484','2024-07-11','Shipped',0.00),('O0933','C0680','2024-06-02','Completed',1855.48),('O0934','C0051','2022-07-11','Completed',346.46),('O0935','C0891','2022-09-21','Completed',1198.40),('O0936','C0005','2025-10-15','Completed',0.00),('O0937','C0589','2023-03-07','Processing',1222.55),('O0938','C0160','2025-12-06','Processing',279.70),('O0939','C0208','2025-08-07','Completed',4887.96),('O0940','C0257','2026-01-09','Cancelled',3399.83),('O0941','C0205','2025-09-23','Shipped',171.92),('O0942','C0767','2025-05-21','Completed',0.00),('O0943','C0950','2025-01-14','Completed',0.00),('O0944','C0011','2025-10-25','Processing',0.00),('O0945','C0949','2025-04-18','Cancelled',1163.02),('O0946','C0008','2025-04-23','Processing',0.00),('O0947','C0409','2025-03-19','Completed',177.72),('O0948','C0936','2025-09-15','Shipped',0.00),('O0949','C0032','2023-06-19','Completed',215.76),('O0950','C0984','2025-07-01','Completed',0.00),('O0951','C0540','2025-07-02','Pending',1177.92),('O0952','C0718','2024-08-17','Completed',0.00),('O0953','C0387','2026-02-04','Completed',0.00),('O0954','C0228','2024-11-13','Completed',1037.28),('O0955','C0640','2025-05-27','Completed',0.00),('O0956','C0767','2025-01-29','Shipped',6593.89),('O0957','C0475','2023-05-01','Pending',0.00),('O0958','C0724','2025-05-03','Completed',0.00),('O0959','C0751','2022-11-16','Completed',0.00),('O0960','C0207','2024-02-27','Completed',696.45),('O0961','C0318','2022-12-08','Cancelled',1134.22),('O0962','C0795','2025-10-19','Completed',1827.85),('O0963','C0757','2024-08-15','Shipped',2008.80),('O0964','C0557','2024-07-21','Completed',0.00),('O0965','C0617','2024-11-25','Completed',0.00),('O0966','C0348','2023-10-02','Processing',0.00),('O0967','C0793','2025-10-11','Shipped',1445.45),('O0968','C0234','2025-07-28','Completed',0.00),('O0969','C0701','2023-06-15','Processing',0.00),('O0970','C0044','2025-05-23','Pending',0.00),('O0971','C0737','2023-08-23','Processing',0.00),('O0972','C0942','2025-10-27','Cancelled',0.00),('O0973','C0142','2024-11-04','Cancelled',3826.94),('O0974','C0648','2024-06-07','Processing',1279.11),('O0975','C0176','2025-09-10','Completed',439.32),('O0976','C0654','2024-04-13','Cancelled',0.00),('O0977','C0449','2024-08-01','Completed',413.01),('O0978','C0592','2025-03-05','Completed',0.00),('O0979','C0082','2025-11-29','Completed',264.54),('O0980','C0135','2025-10-28','Completed',0.00),('O0981','C0719','2025-02-17','Cancelled',0.00),('O0982','C0856','2025-10-07','Cancelled',603.95),('O0983','C0177','2026-01-24','Cancelled',0.00),('O0984','C0383','2023-10-31','Completed',2866.60),('O0985','C0243','2025-10-20','Completed',3416.38),('O0986','C0567','2024-12-11','Processing',1787.09),('O0987','C0141','2022-09-21','Completed',0.00),('O0988','C0457','2025-10-27','Cancelled',770.77),('O0989','C0440','2025-02-18','Processing',1838.75),('O0990','C0056','2025-08-07','Processing',1909.76),('O0991','C0527','2024-08-28','Pending',0.00),('O0992','C0697','2025-04-07','Processing',0.00),('O0993','C0826','2025-05-05','Completed',863.07),('O0994','C0419','2025-07-19','Processing',0.00),('O0995','C0088','2025-11-08','Completed',0.00),('O0996','C0609','2024-05-12','Completed',2067.50),('O0997','C0656','2025-12-25','Completed',1318.16),('O0998','C0008','2025-08-21','Processing',0.00),('O0999','C0477','2026-01-04','Completed',1103.30),('O1000','C0215','2024-08-24','Completed',0.00);
/*!40000 ALTER TABLE `orders` ENABLE KEYS */;
UNLOCK TABLES;

--
-- Table structure for table `products`
--

DROP TABLE IF EXISTS `products`;
/*!40101 SET @saved_cs_client     = @@character_set_client */;
/*!50503 SET character_set_client = utf8mb4 */;
CREATE TABLE `products` (
  `product_id` varchar(10) NOT NULL,
  `product_name` varchar(100) DEFAULT NULL,
  `category` varchar(50) DEFAULT NULL,
  PRIMARY KEY (`product_id`)
) ENGINE=InnoDB DEFAULT CHARSET=utf8mb4 COLLATE=utf8mb4_0900_ai_ci;
/*!40101 SET character_set_client = @saved_cs_client */;

--
-- Dumping data for table `products`
--

LOCK TABLES `products` WRITE;
/*!40000 ALTER TABLE `products` DISABLE KEYS */;
INSERT INTO `products` VALUES ('P001','Jacket','Apparel'),('P002','Moisturizer','Beauty'),('P003','Throw Blanket','Home Goods'),('P004','Sandals','Footwear'),('P005','Tablet','Electronics'),('P006','Smartwatch','Electronics'),('P007','Earbuds','Electronics'),('P008','Apples','Groceries'),('P009','Heels','Footwear'),('P010','Throw Blanket','Home Goods'),('P011','Tablet','Electronics'),('P012','Hair Dryer','Beauty'),('P013','Science Fiction','Books'),('P014','Gaming Console','Electronics'),('P015','Headphones','Electronics'),('P016','Earbuds','Electronics'),('P017','Jacket','Apparel'),('P018','Hiking Boots','Footwear'),('P019','Hoodie','Apparel'),('P020','Portable Charger','Electronics'),('P021','Hiking Boots','Footwear'),('P022','Headphones','Electronics'),('P023','Headphones','Electronics'),('P024','Jacket','Apparel'),('P025','Coat','Apparel'),('P026','Mystery Thriller','Books'),('P027','TV','Electronics'),('P028','Dress Shoes','Footwear'),('P029','Hiking Boots','Footwear'),('P030','Laptop','Electronics'),('P031','Heels','Footwear'),('P032','Portable Charger','Electronics'),('P033','Smartphone','Electronics'),('P034','Eyeshadow Palette','Beauty'),('P035','Eyeshadow Palette','Beauty'),('P036','Graphic Novel','Books'),('P037','Socks','Apparel'),('P038','Headphones','Electronics'),('P039','Throw Blanket','Home Goods'),('P040','Socks','Apparel'),('P041','Earbuds','Electronics'),('P042','T-Shirt','Apparel'),('P043','Tablet','Electronics'),('P044','Coffee Beans','Groceries'),('P045','TV','Electronics'),('P046','Pillow','Home Goods'),('P047','Socks','Apparel'),('P048','Boots','Footwear'),('P049','Loafers','Footwear'),('P050','Smartphone','Electronics'),('P051','Serum','Beauty'),('P052','Mystery Thriller','Books'),('P053','Serum','Beauty'),('P054','Cheese','Groceries'),('P055','Slippers','Footwear'),('P056','Apples','Groceries'),('P057','Headphones','Electronics'),('P058','TV','Electronics'),('P059','Tablet','Electronics'),('P060','Jeans','Apparel'),('P061','Sweater','Apparel'),('P062','TV','Electronics'),('P063','Graphic Novel','Books'),('P064','Shorts','Apparel'),('P065','Portable Charger','Electronics'),('P066','Loafers','Footwear'),('P067','Smartphone','Electronics'),('P068','Childrens Book','Books'),('P069','Headphones','Electronics'),('P070','Cleanser','Beauty'),('P071','History Book','Books'),('P072','Gaming Console','Electronics'),('P073','Headphones','Electronics'),('P074','Biography','Books'),('P075','Desk Lamp','Home Goods'),('P076','Dinner Plate','Home Goods'),('P077','Fantasy Series','Books'),('P078','Laptop','Electronics'),('P079','Socks','Apparel'),('P080','Gaming Console','Electronics'),('P081','Pasta','Groceries'),('P082','Loafers','Footwear'),('P083','Hoodie','Apparel'),('P084','Earbuds','Electronics'),('P085','Dress','Apparel'),('P086','Jacket','Apparel'),('P087','Bookends','Home Goods'),('P088','Sneakers','Footwear'),('P089','Cheese','Groceries'),('P090','Shorts','Apparel'),('P091','Earbuds','Electronics'),('P092','Desk Lamp','Home Goods'),('P093','Cookbook','Books'),('P094','Hiking Boots','Footwear'),('P095','Childrens Book','Books'),('P096','Coat','Apparel'),('P097','Heels','Footwear'),('P098','T-Shirt','Apparel'),('P099','TV','Electronics'),('P100','Laptop','Electronics'),('P1000','Sweater','Apparel'),('P101','Smartphone','Electronics'),('P102','Running Shoes','Footwear'),('P103','Coat','Apparel'),('P104','Slippers','Footwear'),('P105','Rice','Groceries'),('P106','Headphones','Electronics'),('P107','Hoodie','Apparel'),('P108','History Book','Books'),('P109','Portable Charger','Electronics'),('P110','Earbuds','Electronics'),('P111','Laptop','Electronics'),('P112','TV','Electronics'),('P113','Chicken Breast','Groceries'),('P114','Biography','Books'),('P115','Boots','Footwear'),('P116','Pasta','Groceries'),('P117','Self-Help Book','Books'),('P118','Tablet','Electronics'),('P119','Chicken Breast','Groceries'),('P120','Dress Shoes','Footwear'),('P121','Fiction Novel','Books'),('P122','Pasta','Groceries'),('P123','Dress','Apparel'),('P124','Earbuds','Electronics'),('P125','Smartphone','Electronics'),('P126','Jeans','Apparel'),('P127','Cookbook','Books'),('P128','Coffee Beans','Groceries'),('P129','Smartphone','Electronics'),('P130','Heels','Footwear'),('P131','Skirt','Apparel'),('P132','Portable Charger','Electronics'),('P133','Bluetooth Speaker','Electronics'),('P134','Socks','Apparel'),('P135','Moisturizer','Beauty'),('P136','T-Shirt','Apparel'),('P137','Loafers','Footwear'),('P138','Coffee Mug','Home Goods'),('P139','Hoodie','Apparel'),('P140','Sunscreen','Beauty'),('P141','Moisturizer','Beauty'),('P142','Bluetooth Speaker','Electronics'),('P143','Jeans','Apparel'),('P144','Dress','Apparel'),('P145','Portable Charger','Electronics'),('P146','Bluetooth Speaker','Electronics'),('P147','Dress Shoes','Footwear'),('P148','Heels','Footwear'),('P149','Laptop','Electronics'),('P150','Gaming Console','Electronics'),('P151','Coffee Beans','Groceries'),('P152','Portable Charger','Electronics'),('P153','Laptop','Electronics'),('P154','T-Shirt','Apparel'),('P155','Cleanser','Beauty'),('P156','Smartphone','Electronics'),('P157','Candle','Home Goods'),('P158','Fiction Novel','Books'),('P159','Tablet','Electronics'),('P160','Bookends','Home Goods'),('P161','Coat','Apparel'),('P162','Sneakers','Footwear'),('P163','Flats','Footwear'),('P164','Slippers','Footwear'),('P165','Earbuds','Electronics'),('P166','Fiction Novel','Books'),('P167','Skirt','Apparel'),('P168','Smartphone','Electronics'),('P169','TV','Electronics'),('P170','Sneakers','Footwear'),('P171','Picture Frame','Home Goods'),('P172','TV','Electronics'),('P173','Loafers','Footwear'),('P174','Earbuds','Electronics'),('P175','Sneakers','Footwear'),('P176','Earbuds','Electronics'),('P177','Candle','Home Goods'),('P178','Coat','Apparel'),('P179','Hair Dryer','Beauty'),('P180','Headphones','Electronics'),('P181','T-Shirt','Apparel'),('P182','Headphones','Electronics'),('P183','Bread','Groceries'),('P184','Bread','Groceries'),('P185','Earbuds','Electronics'),('P186','Cutting Board','Home Goods'),('P187','Fiction Novel','Books'),('P188','Heels','Footwear'),('P189','Sneakers','Footwear'),('P190','Smartphone','Electronics'),('P191','Smartwatch','Electronics'),('P192','Bread','Groceries'),('P193','Eggs','Groceries'),('P194','Slippers','Footwear'),('P195','Jeans','Apparel'),('P196','Dress','Apparel'),('P197','Candle','Home Goods'),('P198','Bread','Groceries'),('P199','Apples','Groceries'),('P200','Graphic Novel','Books'),('P201','Sneakers','Footwear'),('P202','Gaming Console','Electronics'),('P203','Smartwatch','Electronics'),('P204','Bananas','Groceries'),('P205','Hiking Boots','Footwear'),('P206','Tablet','Electronics'),('P207','Laptop','Electronics'),('P208','Candle','Home Goods'),('P209','TV','Electronics'),('P210','TV','Electronics'),('P211','Slippers','Footwear'),('P212','Coffee Mug','Home Goods'),('P213','Candle','Home Goods'),('P214','Earbuds','Electronics'),('P215','Pillow','Home Goods'),('P216','Tablet','Electronics'),('P217','Coat','Apparel'),('P218','Desk Lamp','Home Goods'),('P219','Slippers','Footwear'),('P220','Mystery Thriller','Books'),('P221','Picture Frame','Home Goods'),('P222','Flats','Footwear'),('P223','Portable Charger','Electronics'),('P224','Shorts','Apparel'),('P225','Smartwatch','Electronics'),('P226','Smartwatch','Electronics'),('P227','Serum','Beauty'),('P228','Socks','Apparel'),('P229','Cheese','Groceries'),('P230','Heels','Footwear'),('P231','Cookbook','Books'),('P232','Loafers','Footwear'),('P233','Running Shoes','Footwear'),('P234','T-Shirt','Apparel'),('P235','Headphones','Electronics'),('P236','Bookends','Home Goods'),('P237','Tablet','Electronics'),('P238','Tablet','Electronics'),('P239','Flats','Footwear'),('P240','Headphones','Electronics'),('P241','Cleanser','Beauty'),('P242','Foundation','Beauty'),('P243','Eggs','Groceries'),('P244','Dress','Apparel'),('P245','Bluetooth Speaker','Electronics'),('P246','Coffee Beans','Groceries'),('P247','Socks','Apparel'),('P248','Eyeshadow Palette','Beauty'),('P249','Lipstick','Beauty'),('P250','Coffee Beans','Groceries'),('P251','Smartphone','Electronics'),('P252','Coat','Apparel'),('P253','Bananas','Groceries'),('P254','Shorts','Apparel'),('P255','Portable Charger','Electronics'),('P256','Hiking Boots','Footwear'),('P257','Foundation','Beauty'),('P258','Vase','Home Goods'),('P259','Flats','Footwear'),('P260','Laptop','Electronics'),('P261','Sneakers','Footwear'),('P262','Sunscreen','Beauty'),('P263','Tablet','Electronics'),('P264','Flats','Footwear'),('P265','Rice','Groceries'),('P266','Throw Blanket','Home Goods'),('P267','Desk Lamp','Home Goods'),('P268','Cutting Board','Home Goods'),('P269','Coat','Apparel'),('P270','Earbuds','Electronics'),('P271','Fiction Novel','Books'),('P272','History Book','Books'),('P273','Pasta','Groceries'),('P274','Eggs','Groceries'),('P275','Heels','Footwear'),('P276','Sandals','Footwear'),('P277','History Book','Books'),('P278','Slippers','Footwear'),('P279','Pillow','Home Goods'),('P280','Cookbook','Books'),('P281','Pasta','Groceries'),('P282','Hoodie','Apparel'),('P283','Jeans','Apparel'),('P284','Gaming Console','Electronics'),('P285','Boots','Footwear'),('P286','Laptop','Electronics'),('P287','Jeans','Apparel'),('P288','Sneakers','Footwear'),('P289','Smartphone','Electronics'),('P290','Running Shoes','Footwear'),('P291','Bluetooth Speaker','Electronics'),('P292','Headphones','Electronics'),('P293','Fiction Novel','Books'),('P294','Coat','Apparel'),('P295','Tablet','Electronics'),('P296','Sneakers','Footwear'),('P297','Childrens Book','Books'),('P298','Laptop','Electronics'),('P299','Sneakers','Footwear'),('P300','Gaming Console','Electronics'),('P301','Tablet','Electronics'),('P302','Loafers','Footwear'),('P303','Flats','Footwear'),('P304','Heels','Footwear'),('P305','Vase','Home Goods'),('P306','Lipstick','Beauty'),('P307','Dress Shoes','Footwear'),('P308','Skirt','Apparel'),('P309','History Book','Books'),('P310','Earbuds','Electronics'),('P311','T-Shirt','Apparel'),('P312','Gaming Console','Electronics'),('P313','Portable Charger','Electronics'),('P314','Eyeshadow Palette','Beauty'),('P315','History Book','Books'),('P316','Candle','Home Goods'),('P317','Jacket','Apparel'),('P318','Headphones','Electronics'),('P319','Bluetooth Speaker','Electronics'),('P320','Smartwatch','Electronics'),('P321','Boots','Footwear'),('P322','Vase','Home Goods'),('P323','Pillow','Home Goods'),('P324','Smartphone','Electronics'),('P325','Hair Dryer','Beauty'),('P326','Cutting Board','Home Goods'),('P327','Flats','Footwear'),('P328','Heels','Footwear'),('P329','Coat','Apparel'),('P330','Bluetooth Speaker','Electronics'),('P331','Dress','Apparel'),('P332','Mystery Thriller','Books'),('P333','Bluetooth Speaker','Electronics'),('P334','Smartwatch','Electronics'),('P335','Smartphone','Electronics'),('P336','Headphones','Electronics'),('P337','Coffee Beans','Groceries'),('P338','Desk Lamp','Home Goods'),('P339','Skirt','Apparel'),('P340','Gaming Console','Electronics'),('P341','Jeans','Apparel'),('P342','T-Shirt','Apparel'),('P343','Headphones','Electronics'),('P344','Jacket','Apparel'),('P345','Coat','Apparel'),('P346','Sneakers','Footwear'),('P347','Sandals','Footwear'),('P348','Headphones','Electronics'),('P349','Jacket','Apparel'),('P350','Sandals','Footwear'),('P351','Slippers','Footwear'),('P352','Milk','Groceries'),('P353','Vase','Home Goods'),('P354','Portable Charger','Electronics'),('P355','Portable Charger','Electronics'),('P356','Heels','Footwear'),('P357','Smartphone','Electronics'),('P358','Boots','Footwear'),('P359','Foundation','Beauty'),('P360','Loafers','Footwear'),('P361','Sweater','Apparel'),('P362','Running Shoes','Footwear'),('P363','Jacket','Apparel'),('P364','Slippers','Footwear'),('P365','Serum','Beauty'),('P366','Dress','Apparel'),('P367','Cleanser','Beauty'),('P368','Apples','Groceries'),('P369','Bluetooth Speaker','Electronics'),('P370','Portable Charger','Electronics'),('P371','Earbuds','Electronics'),('P372','Portable Charger','Electronics'),('P373','Headphones','Electronics'),('P374','Coffee Mug','Home Goods'),('P375','TV','Electronics'),('P376','Socks','Apparel'),('P377','History Book','Books'),('P378','Headphones','Electronics'),('P379','Fiction Novel','Books'),('P380','Smartwatch','Electronics'),('P381','Tablet','Electronics'),('P382','Pillow','Home Goods'),('P383','Sneakers','Footwear'),('P384','Bananas','Groceries'),('P385','Candle','Home Goods'),('P386','Childrens Book','Books'),('P387','Smartphone','Electronics'),('P388','Tablet','Electronics'),('P389','Fiction Novel','Books'),('P390','History Book','Books'),('P391','Lipstick','Beauty'),('P392','Hoodie','Apparel'),('P393','Shorts','Apparel'),('P394','Fiction Novel','Books'),('P395','T-Shirt','Apparel'),('P396','Cleanser','Beauty'),('P397','Bananas','Groceries'),('P398','Socks','Apparel'),('P399','Fiction Novel','Books'),('P400','Biography','Books'),('P401','Portable Charger','Electronics'),('P402','Pasta','Groceries'),('P403','Dress Shoes','Footwear'),('P404','Childrens Book','Books'),('P405','Sweater','Apparel'),('P406','Bread','Groceries'),('P407','Dress','Apparel'),('P408','Laptop','Electronics'),('P409','Milk','Groceries'),('P410','Headphones','Electronics'),('P411','Shorts','Apparel'),('P412','Foundation','Beauty'),('P413','Mascara','Beauty'),('P414','Sneakers','Footwear'),('P415','Hiking Boots','Footwear'),('P416','Jacket','Apparel'),('P417','TV','Electronics'),('P418','Sweater','Apparel'),('P419','Dinner Plate','Home Goods'),('P420','Fantasy Series','Books'),('P421','Cookbook','Books'),('P422','History Book','Books'),('P423','Laptop','Electronics'),('P424','Skirt','Apparel'),('P425','Bluetooth Speaker','Electronics'),('P426','Running Shoes','Footwear'),('P427','T-Shirt','Apparel'),('P428','Apples','Groceries'),('P429','T-Shirt','Apparel'),('P430','TV','Electronics'),('P431','Smartwatch','Electronics'),('P432','Biography','Books'),('P433','Boots','Footwear'),('P434','Bluetooth Speaker','Electronics'),('P435','Smartphone','Electronics'),('P436','Bookends','Home Goods'),('P437','Bluetooth Speaker','Electronics'),('P438','Cookbook','Books'),('P439','Throw Blanket','Home Goods'),('P440','Portable Charger','Electronics'),('P441','Portable Charger','Electronics'),('P442','Foundation','Beauty'),('P443','Dress','Apparel'),('P444','Shorts','Apparel'),('P445','Cookbook','Books'),('P446','Hair Dryer','Beauty'),('P447','Foundation','Beauty'),('P448','Fiction Novel','Books'),('P449','Skirt','Apparel'),('P450','Smartwatch','Electronics'),('P451','Self-Help Book','Books'),('P452','Running Shoes','Footwear'),('P453','Skirt','Apparel'),('P454','Coffee Beans','Groceries'),('P455','Gaming Console','Electronics'),('P456','Jeans','Apparel'),('P457','Smartwatch','Electronics'),('P458','Coat','Apparel'),('P459','Smartphone','Electronics'),('P460','Portable Charger','Electronics'),('P461','Earbuds','Electronics'),('P462','Sandals','Footwear'),('P463','Pillow','Home Goods'),('P464','Dress Shoes','Footwear'),('P465','Perfume','Beauty'),('P466','Coat','Apparel'),('P467','Headphones','Electronics'),('P468','Pasta','Groceries'),('P469','Laptop','Electronics'),('P470','Lipstick','Beauty'),('P471','Laptop','Electronics'),('P472','Foundation','Beauty'),('P473','Laptop','Electronics'),('P474','Pasta','Groceries'),('P475','Slippers','Footwear'),('P476','Mascara','Beauty'),('P477','Gaming Console','Electronics'),('P478','Flats','Footwear'),('P479','Lipstick','Beauty'),('P480','Slippers','Footwear'),('P481','Loafers','Footwear'),('P482','Candle','Home Goods'),('P483','Jacket','Apparel'),('P484','Running Shoes','Footwear'),('P485','Heels','Footwear'),('P486','Pasta','Groceries'),('P487','Portable Charger','Electronics'),('P488','Bluetooth Speaker','Electronics'),('P489','Perfume','Beauty'),('P490','Rice','Groceries'),('P491','Socks','Apparel'),('P492','Sneakers','Footwear'),('P493','Laptop','Electronics'),('P494','Headphones','Electronics'),('P495','Dress','Apparel'),('P496','Coat','Apparel'),('P497','Slippers','Footwear'),('P498','Portable Charger','Electronics'),('P499','Moisturizer','Beauty'),('P500','Foundation','Beauty'),('P501','Bookends','Home Goods'),('P502','Loafers','Footwear'),('P503','Dress','Apparel'),('P504','Biography','Books'),('P505','Pillow','Home Goods'),('P506','Gaming Console','Electronics'),('P507','Eggs','Groceries'),('P508','Science Fiction','Books'),('P509','Hair Dryer','Beauty'),('P510','Cutting Board','Home Goods'),('P511','Heels','Footwear'),('P512','Skirt','Apparel'),('P513','Foundation','Beauty'),('P514','Apples','Groceries'),('P515','Earbuds','Electronics'),('P516','Smartphone','Electronics'),('P517','Dress','Apparel'),('P518','Cookbook','Books'),('P519','Hair Dryer','Beauty'),('P520','TV','Electronics'),('P521','Sandals','Footwear'),('P522','Jacket','Apparel'),('P523','Serum','Beauty'),('P524','Fiction Novel','Books'),('P525','History Book','Books'),('P526','Skirt','Apparel'),('P527','Skirt','Apparel'),('P528','Earbuds','Electronics'),('P529','Tablet','Electronics'),('P530','Bananas','Groceries'),('P531','Science Fiction','Books'),('P532','Lipstick','Beauty'),('P533','Eyeshadow Palette','Beauty'),('P534','Heels','Footwear'),('P535','Fantasy Series','Books'),('P536','Foundation','Beauty'),('P537','Graphic Novel','Books'),('P538','Smartwatch','Electronics'),('P539','Dress','Apparel'),('P540','Smartphone','Electronics'),('P541','Lipstick','Beauty'),('P542','Flats','Footwear'),('P543','Tablet','Electronics'),('P544','Bookends','Home Goods'),('P545','Slippers','Footwear'),('P546','Socks','Apparel'),('P547','Smartphone','Electronics'),('P548','Bookends','Home Goods'),('P549','Hiking Boots','Footwear'),('P550','Science Fiction','Books'),('P551','Sneakers','Footwear'),('P552','Milk','Groceries'),('P553','Loafers','Footwear'),('P554','Slippers','Footwear'),('P555','Chicken Breast','Groceries'),('P556','Jacket','Apparel'),('P557','Laptop','Electronics'),('P558','Smartphone','Electronics'),('P559','Science Fiction','Books'),('P560','Sneakers','Footwear'),('P561','Pillow','Home Goods'),('P562','Tablet','Electronics'),('P563','TV','Electronics'),('P564','Headphones','Electronics'),('P565','Coat','Apparel'),('P566','Slippers','Footwear'),('P567','Coat','Apparel'),('P568','Jacket','Apparel'),('P569','Chicken Breast','Groceries'),('P570','Skirt','Apparel'),('P571','Sandals','Footwear'),('P572','Science Fiction','Books'),('P573','Jeans','Apparel'),('P574','Flats','Footwear'),('P575','Milk','Groceries'),('P576','Mascara','Beauty'),('P577','Earbuds','Electronics'),('P578','Chicken Breast','Groceries'),('P579','Hoodie','Apparel'),('P580','Earbuds','Electronics'),('P581','Shorts','Apparel'),('P582','Cleanser','Beauty'),('P583','Socks','Apparel'),('P584','Hoodie','Apparel'),('P585','Loafers','Footwear'),('P586','Smartwatch','Electronics'),('P587','Smartphone','Electronics'),('P588','Bluetooth Speaker','Electronics'),('P589','Earbuds','Electronics'),('P590','TV','Electronics'),('P591','TV','Electronics'),('P592','Flats','Footwear'),('P593','Earbuds','Electronics'),('P594','Sweater','Apparel'),('P595','Eggs','Groceries'),('P596','T-Shirt','Apparel'),('P597','Bookends','Home Goods'),('P598','Tablet','Electronics'),('P599','Laptop','Electronics'),('P600','TV','Electronics'),('P601','Earbuds','Electronics'),('P602','Earbuds','Electronics'),('P603','Laptop','Electronics'),('P604','Laptop','Electronics'),('P605','Gaming Console','Electronics'),('P606','Dress','Apparel'),('P607','Smartphone','Electronics'),('P608','Skirt','Apparel'),('P609','Boots','Footwear'),('P610','Pillow','Home Goods'),('P611','Bluetooth Speaker','Electronics'),('P612','Mystery Thriller','Books'),('P613','Running Shoes','Footwear'),('P614','Gaming Console','Electronics'),('P615','Bread','Groceries'),('P616','Chicken Breast','Groceries'),('P617','Tablet','Electronics'),('P618','Portable Charger','Electronics'),('P619','Childrens Book','Books'),('P620','Bookends','Home Goods'),('P621','Laptop','Electronics'),('P622','Gaming Console','Electronics'),('P623','Jacket','Apparel'),('P624','Hoodie','Apparel'),('P625','Sneakers','Footwear'),('P626','Shorts','Apparel'),('P627','Hoodie','Apparel'),('P628','Vase','Home Goods'),('P629','Smartphone','Electronics'),('P630','Earbuds','Electronics'),('P631','Vase','Home Goods'),('P632','Bread','Groceries'),('P633','Hiking Boots','Footwear'),('P634','Boots','Footwear'),('P635','Bluetooth Speaker','Electronics'),('P636','Hoodie','Apparel'),('P637','Hiking Boots','Footwear'),('P638','Smartphone','Electronics'),('P639','Smartphone','Electronics'),('P640','Dress','Apparel'),('P641','Bluetooth Speaker','Electronics'),('P642','Socks','Apparel'),('P643','Gaming Console','Electronics'),('P644','Shorts','Apparel'),('P645','TV','Electronics'),('P646','Apples','Groceries'),('P647','Flats','Footwear'),('P648','Candle','Home Goods'),('P649','Childrens Book','Books'),('P650','Hoodie','Apparel'),('P651','Earbuds','Electronics'),('P652','Sandals','Footwear'),('P653','Flats','Footwear'),('P654','Throw Blanket','Home Goods'),('P655','Coat','Apparel'),('P656','Bluetooth Speaker','Electronics'),('P657','TV','Electronics'),('P658','Jeans','Apparel'),('P659','Hiking Boots','Footwear'),('P660','Heels','Footwear'),('P661','Coat','Apparel'),('P662','Hair Dryer','Beauty'),('P663','Sneakers','Footwear'),('P664','Bluetooth Speaker','Electronics'),('P665','Smartphone','Electronics'),('P666','Gaming Console','Electronics'),('P667','TV','Electronics'),('P668','Headphones','Electronics'),('P669','Headphones','Electronics'),('P670','Gaming Console','Electronics'),('P671','Smartwatch','Electronics'),('P672','Eggs','Groceries'),('P673','TV','Electronics'),('P674','Sandals','Footwear'),('P675','Shorts','Apparel'),('P676','Mascara','Beauty'),('P677','Smartphone','Electronics'),('P678','Hoodie','Apparel'),('P679','Sunscreen','Beauty'),('P680','Milk','Groceries'),('P681','Graphic Novel','Books'),('P682','Earbuds','Electronics'),('P683','Headphones','Electronics'),('P684','Pillow','Home Goods'),('P685','Cheese','Groceries'),('P686','Sneakers','Footwear'),('P687','Slippers','Footwear'),('P688','Headphones','Electronics'),('P689','Graphic Novel','Books'),('P690','Smartwatch','Electronics'),('P691','T-Shirt','Apparel'),('P692','Dress','Apparel'),('P693','Sneakers','Footwear'),('P694','Bluetooth Speaker','Electronics'),('P695','Bluetooth Speaker','Electronics'),('P696','Running Shoes','Footwear'),('P697','TV','Electronics'),('P698','Heels','Footwear'),('P699','Gaming Console','Electronics'),('P700','Dress','Apparel'),('P701','Sandals','Footwear'),('P702','Tablet','Electronics'),('P703','Dress','Apparel'),('P704','Headphones','Electronics'),('P705','Earbuds','Electronics'),('P706','Cleanser','Beauty'),('P707','Shorts','Apparel'),('P708','Cookbook','Books'),('P709','Portable Charger','Electronics'),('P710','Picture Frame','Home Goods'),('P711','History Book','Books'),('P712','Loafers','Footwear'),('P713','Coat','Apparel'),('P714','Jeans','Apparel'),('P715','Sweater','Apparel'),('P716','Bread','Groceries'),('P717','Mystery Thriller','Books'),('P718','Foundation','Beauty'),('P719','TV','Electronics'),('P720','Coffee Mug','Home Goods'),('P721','Mascara','Beauty'),('P722','TV','Electronics'),('P723','Tablet','Electronics'),('P724','Dinner Plate','Home Goods'),('P725','Sneakers','Footwear'),('P726','History Book','Books'),('P727','Headphones','Electronics'),('P728','Fantasy Series','Books'),('P729','Tablet','Electronics'),('P730','Smartwatch','Electronics'),('P731','TV','Electronics'),('P732','Childrens Book','Books'),('P733','Desk Lamp','Home Goods'),('P734','Boots','Footwear'),('P735','Hoodie','Apparel'),('P736','Apples','Groceries'),('P737','Jacket','Apparel'),('P738','Graphic Novel','Books'),('P739','Sweater','Apparel'),('P740','Skirt','Apparel'),('P741','Skirt','Apparel'),('P742','Jacket','Apparel'),('P743','Cutting Board','Home Goods'),('P744','Dress Shoes','Footwear'),('P745','TV','Electronics'),('P746','Eggs','Groceries'),('P747','Jeans','Apparel'),('P748','Slippers','Footwear'),('P749','Bread','Groceries'),('P750','Slippers','Footwear'),('P751','Smartwatch','Electronics'),('P752','Mascara','Beauty'),('P753','Dress Shoes','Footwear'),('P754','T-Shirt','Apparel'),('P755','Smartwatch','Electronics'),('P756','Childrens Book','Books'),('P757','Slippers','Footwear'),('P758','Heels','Footwear'),('P759','Rice','Groceries'),('P760','Cookbook','Books'),('P761','Smartphone','Electronics'),('P762','Coat','Apparel'),('P763','Tablet','Electronics'),('P764','Bookends','Home Goods'),('P765','Laptop','Electronics'),('P766','Loafers','Footwear'),('P767','Science Fiction','Books'),('P768','Cheese','Groceries'),('P769','Skirt','Apparel'),('P770','History Book','Books'),('P771','Earbuds','Electronics'),('P772','History Book','Books'),('P773','Smartphone','Electronics'),('P774','Jeans','Apparel'),('P775','Cookbook','Books'),('P776','Gaming Console','Electronics'),('P777','Headphones','Electronics'),('P778','Bookends','Home Goods'),('P779','Dinner Plate','Home Goods'),('P780','Loafers','Footwear'),('P781','Coffee Mug','Home Goods'),('P782','Sneakers','Footwear'),('P783','Bluetooth Speaker','Electronics'),('P784','Coat','Apparel'),('P785','Headphones','Electronics'),('P786','Chicken Breast','Groceries'),('P787','Dress Shoes','Footwear'),('P788','Sweater','Apparel'),('P789','Jacket','Apparel'),('P790','Serum','Beauty'),('P791','Headphones','Electronics'),('P792','Dress Shoes','Footwear'),('P793','Boots','Footwear'),('P794','Loafers','Footwear'),('P795','TV','Electronics'),('P796','Cheese','Groceries'),('P797','Perfume','Beauty'),('P798','Hiking Boots','Footwear'),('P799','Dinner Plate','Home Goods'),('P800','Chicken Breast','Groceries'),('P801','Pillow','Home Goods'),('P802','Tablet','Electronics'),('P803','Flats','Footwear'),('P804','Sneakers','Footwear'),('P805','Sweater','Apparel'),('P806','Candle','Home Goods'),('P807','Eyeshadow Palette','Beauty'),('P808','Coffee Beans','Groceries'),('P809','Sweater','Apparel'),('P810','Smartwatch','Electronics'),('P811','Perfume','Beauty'),('P812','Mystery Thriller','Books'),('P813','Tablet','Electronics'),('P814','Bananas','Groceries'),('P815','Chicken Breast','Groceries'),('P816','Slippers','Footwear'),('P817','Running Shoes','Footwear'),('P818','T-Shirt','Apparel'),('P819','TV','Electronics'),('P820','Jacket','Apparel'),('P821','Childrens Book','Books'),('P822','Portable Charger','Electronics'),('P823','Jacket','Apparel'),('P824','Jacket','Apparel'),('P825','Boots','Footwear'),('P826','Eggs','Groceries'),('P827','Coat','Apparel'),('P828','Socks','Apparel'),('P829','Dinner Plate','Home Goods'),('P830','T-Shirt','Apparel'),('P831','Headphones','Electronics'),('P832','Jeans','Apparel'),('P833','Smartphone','Electronics'),('P834','Earbuds','Electronics'),('P835','Skirt','Apparel'),('P836','Jacket','Apparel'),('P837','Bread','Groceries'),('P838','T-Shirt','Apparel'),('P839','Running Shoes','Footwear'),('P840','Boots','Footwear'),('P841','Smartphone','Electronics'),('P842','Throw Blanket','Home Goods'),('P843','Gaming Console','Electronics'),('P844','Serum','Beauty'),('P845','Portable Charger','Electronics'),('P846','Hoodie','Apparel'),('P847','Bluetooth Speaker','Electronics'),('P848','Lipstick','Beauty'),('P849','Sandals','Footwear'),('P850','Slippers','Footwear'),('P851','Smartwatch','Electronics'),('P852','Bookends','Home Goods'),('P853','Smartwatch','Electronics'),('P854','Bread','Groceries'),('P855','Smartwatch','Electronics'),('P856','Tablet','Electronics'),('P857','Tablet','Electronics'),('P858','Jacket','Apparel'),('P859','Sneakers','Footwear'),('P860','Headphones','Electronics'),('P861','Self-Help Book','Books'),('P862','Hoodie','Apparel'),('P863','Sneakers','Footwear'),('P864','Socks','Apparel'),('P865','Sweater','Apparel'),('P866','Dress Shoes','Footwear'),('P867','Headphones','Electronics'),('P868','Laptop','Electronics'),('P869','Pasta','Groceries'),('P870','Lipstick','Beauty'),('P871','Hoodie','Apparel'),('P872','Laptop','Electronics'),('P873','Running Shoes','Footwear'),('P874','Dress','Apparel'),('P875','Earbuds','Electronics'),('P876','Portable Charger','Electronics'),('P877','Bookends','Home Goods'),('P878','Dinner Plate','Home Goods'),('P879','TV','Electronics'),('P880','Headphones','Electronics'),('P881','Bluetooth Speaker','Electronics'),('P882','Throw Blanket','Home Goods'),('P883','Portable Charger','Electronics'),('P884','Gaming Console','Electronics'),('P885','Fantasy Series','Books'),('P886','Earbuds','Electronics'),('P887','Dinner Plate','Home Goods'),('P888','Portable Charger','Electronics'),('P889','Portable Charger','Electronics'),('P890','TV','Electronics'),('P891','Bookends','Home Goods'),('P892','Bananas','Groceries'),('P893','Graphic Novel','Books'),('P894','Jeans','Apparel'),('P895','Throw Blanket','Home Goods'),('P896','Smartwatch','Electronics'),('P897','Earbuds','Electronics'),('P898','Chicken Breast','Groceries'),('P899','Laptop','Electronics'),('P900','TV','Electronics'),('P901','Gaming Console','Electronics'),('P902','Earbuds','Electronics'),('P903','TV','Electronics'),('P904','Sandals','Footwear'),('P905','T-Shirt','Apparel'),('P906','Bread','Groceries'),('P907','Science Fiction','Books'),('P908','Dress','Apparel'),('P909','Tablet','Electronics'),('P910','Dress','Apparel'),('P911','Slippers','Footwear'),('P912','Smartwatch','Electronics'),('P913','Loafers','Footwear'),('P914','Hoodie','Apparel'),('P915','Dress Shoes','Footwear'),('P916','Coat','Apparel'),('P917','Smartphone','Electronics'),('P918','Sunscreen','Beauty'),('P919','Mystery Thriller','Books'),('P920','Tablet','Electronics'),('P921','Eggs','Groceries'),('P922','Jeans','Apparel'),('P923','Apples','Groceries'),('P924','Fiction Novel','Books'),('P925','Socks','Apparel'),('P926','Gaming Console','Electronics'),('P927','Headphones','Electronics'),('P928','Heels','Footwear'),('P929','Loafers','Footwear'),('P930','Headphones','Electronics'),('P931','Gaming Console','Electronics'),('P932','Cookbook','Books'),('P933','Perfume','Beauty'),('P934','Flats','Footwear'),('P935','Smartwatch','Electronics'),('P936','Headphones','Electronics'),('P937','Portable Charger','Electronics'),('P938','Milk','Groceries'),('P939','Headphones','Electronics'),('P940','Sandals','Footwear'),('P941','Gaming Console','Electronics'),('P942','Running Shoes','Footwear'),('P943','Candle','Home Goods'),('P944','Mystery Thriller','Books'),('P945','TV','Electronics'),('P946','Earbuds','Electronics'),('P947','Gaming Console','Electronics'),('P948','Chicken Breast','Groceries'),('P949','Pasta','Groceries'),('P950','Loafers','Footwear'),('P951','Sandals','Footwear'),('P952','Candle','Home Goods'),('P953','Gaming Console','Electronics'),('P954','Milk','Groceries'),('P955','T-Shirt','Apparel'),('P956','Socks','Apparel'),('P957','Dress Shoes','Footwear'),('P958','Gaming Console','Electronics'),('P959','Smartwatch','Electronics'),('P960','Coffee Mug','Home Goods'),('P961','Smartphone','Electronics'),('P962','Running Shoes','Footwear'),('P963','Tablet','Electronics'),('P964','Dress','Apparel'),('P965','Gaming Console','Electronics'),('P966','Sweater','Apparel'),('P967','Candle','Home Goods'),('P968','Smartwatch','Electronics'),('P969','Sandals','Footwear'),('P970','T-Shirt','Apparel'),('P971','Throw Blanket','Home Goods'),('P972','Cleanser','Beauty'),('P973','Cutting Board','Home Goods'),('P974','Smartphone','Electronics'),('P975','Smartwatch','Electronics'),('P976','Smartwatch','Electronics'),('P977','Flats','Footwear'),('P978','Gaming Console','Electronics'),('P979','Skirt','Apparel'),('P980','Loafers','Footwear'),('P981','T-Shirt','Apparel'),('P982','History Book','Books'),('P983','Headphones','Electronics'),('P984','Tablet','Electronics'),('P985','Cutting Board','Home Goods'),('P986','Shorts','Apparel'),('P987','Desk Lamp','Home Goods'),('P988','Hoodie','Apparel'),('P989','Earbuds','Electronics'),('P990','Childrens Book','Books'),('P991','Fiction Novel','Books'),('P992','Candle','Home Goods'),('P993','Smartphone','Electronics'),('P994','Hiking Boots','Footwear'),('P995','Coat','Apparel'),('P996','Gaming Console','Electronics'),('P997','Eggs','Groceries'),('P998','Laptop','Electronics'),('P999','Eyeshadow Palette','Beauty');
/*!40000 ALTER TABLE `products` ENABLE KEYS */;
UNLOCK TABLES;

--
-- Dumping events for database 'ecommerce_analysis'
--

--
-- Dumping routines for database 'ecommerce_analysis'
--
/*!40103 SET TIME_ZONE=@OLD_TIME_ZONE */;

/*!40101 SET SQL_MODE=@OLD_SQL_MODE */;
/*!40014 SET FOREIGN_KEY_CHECKS=@OLD_FOREIGN_KEY_CHECKS */;
/*!40014 SET UNIQUE_CHECKS=@OLD_UNIQUE_CHECKS */;
/*!40101 SET CHARACTER_SET_CLIENT=@OLD_CHARACTER_SET_CLIENT */;
/*!40101 SET CHARACTER_SET_RESULTS=@OLD_CHARACTER_SET_RESULTS */;
/*!40101 SET COLLATION_CONNECTION=@OLD_COLLATION_CONNECTION */;
/*!40111 SET SQL_NOTES=@OLD_SQL_NOTES */;

-- Dump completed on 2026-02-05  1:49:47
