customer_id,signup_date,gender,region
C0001,2021-02-16 14:39:10.761681,Female,East
C0002,2024-10-08 14:39:10.761681,Male,North
C0003,2025-07-09 14:39:10.761681,Female,West
C0004,2021-09-08 14:39:10.761681,Male,West
C0005,2022-01-09 14:39:10.761681,Female,East
C0006,2026-01-09 14:39:10.761681,Male,North
C0007,2022-11-27 14:39:10.761681,Female,West
C0008,2024-02-14 14:39:10.761681,Female,South
C0009,2025-11-21 14:39:10.761681,Male,East
C0010,2025-03-24 14:39:10.761681,Male,West
C0011,2022-02-13 14:39:10.761681,Female,South
C0012,2023-10-08 14:39:10.761681,Male,West
C0013,2023-01-15 14:39:10.761681,Male,South
C0014,2024-06-12 14:39:10.761681,Male,East
C0015,2025-05-15 14:39:10.761681,Male,West
C0016,2022-05-16 14:39:10.761681,Female,West
C0017,2024-02-22 14:39:10.761681,Female,North
C0018,2024-08-19 14:39:10.761681,Male,East
C0019,2025-09-10 14:39:10.761681,Male,South
C0020,2025-06-18 14:39:10.761681,Male,West
C0021,2022-06-08 14:39:10.761681,Male,West
C0022,2025-05-16 14:39:10.761681,Female,South
C0023,2021-03-23 14:39:10.761681,Female,East
C0024,2024-09-08 14:39:10.761681,Male,North
C0025,2023-03-24 14:39:10.761681,Male,North
C0026,2023-12-11 14:39:10.761681,Male,West
C0027,2023-01-16 14:39:10.761681,Female,South
C0028,2022-03-12 14:39:10.761681,Male,West
C0029,2026-01-27 14:39:10.761681,Female,South
C0030,2023-10-13 14:39:10.761681,Male,North
C0031,2024-02-19 14:39:10.761681,Female,East
C0032,2021-10-12 14:39:10.761681,Male,South
C0033,2022-03-02 14:39:10.761681,Female,North
C0034,2026-01-15 14:39:10.761681,Male,West
C0035,2022-01-05 14:39:10.761681,Male,South
C0036,2022-10-26 14:39:10.761681,Male,East
C0037,2025-04-27 14:39:10.761681,Female,West
C0038,2021-06-21 14:39:10.761681,Male,West
C0039,2023-07-07 14:39:10.761681,Female,North
C0040,2022-12-24 14:39:10.761681,Female,South
C0041,2025-04-06 14:39:10.761681,Male,West
C0042,2023-05-12 14:39:10.761681,Male,East
C0043,2023-02-01 14:39:10.761681,Male,South
C0044,2025-03-16 14:39:10.761681,Female,East
C0045,2022-09-21 14:39:10.761681,Male,West
C0046,2024-07-05 14:39:10.761681,Female,East
C0047,2023-10-22 14:39:10.761681,Female,North
C0048,2022-02-11 14:39:10.761681,Male,East
C0049,2023-08-28 14:39:10.761681,Male,South
C0050,2023-10-27 14:39:10.761681,Male,East
C0051,2022-03-13 14:39:10.761681,Male,East
C0052,2025-02-10 14:39:10.761681,Male,North
C0053,2025-03-29 14:39:10.761681,Male,East
C0054,2022-10-12 14:39:10.761681,Female,East
C0055,2024-08-24 14:39:10.761681,Female,West
C0056,2025-05-04 14:39:10.761681,Female,West
C0057,2024-05-02 14:39:10.761681,Male,South
C0058,2024-04-25 14:39:10.761681,Female,West
C0059,2023-10-27 14:39:10.761681,Female,West
C0060,2022-10-17 14:39:10.761681,Female,West
C0061,2021-08-11 14:39:10.761681,Female,West
C0062,2024-03-02 14:39:10.761681,Female,North
C0063,2021-06-15 14:39:10.761681,Male,West
C0064,2023-04-20 14:39:10.761681,Male,North
C0065,2024-05-14 14:39:10.761681,Female,North
C0066,2023-08-29 14:39:10.761681,Female,West
C0067,2023-10-18 14:39:10.761681,Female,East
C0068,2021-08-06 14:39:10.761681,Male,North
C0069,2023-10-15 14:39:10.761681,Male,East
C0070,2022-02-03 14:39:10.761681,Female,East
C0071,2021-03-15 14:39:10.761681,Male,West
C0072,2025-05-05 14:39:10.761681,Male,South
C0073,2022-06-16 14:39:10.761681,Female,West
C0074,2025-04-24 14:39:10.761681,Male,South
C0075,2024-11-08 14:39:10.761681,Male,South
C0076,2023-10-14 14:39:10.761681,Female,West
C0077,2023-08-14 14:39:10.761681,Male,West
C0078,2024-12-26 14:39:10.761681,Male,South
C0079,2023-01-27 14:39:10.761681,Female,West
C0080,2024-05-04 14:39:10.761681,Male,South
C0081,2021-02-20 14:39:10.761681,Male,East
C0082,2022-06-12 14:39:10.761681,Female,West
C0083,2025-01-24 14:39:10.761681,Female,East
C0084,2024-03-12 14:39:10.761681,Female,North
C0085,2023-07-18 14:39:10.761681,Male,East
C0086,2025-02-17 14:39:10.761681,Female,East
C0087,2021-12-12 14:39:10.761681,Male,South
C0088,2023-02-13 14:39:10.761681,Female,East
C0089,2024-05-13 14:39:10.761681,Male,West
C0090,2022-08-04 14:39:10.761681,Female,South
C0091,2022-03-25 14:39:10.761681,Female,North
C0092,2021-10-13 14:39:10.761681,Female,West
C0093,2023-03-05 14:39:10.761681,Female,North
C0094,2026-01-14 14:39:10.761681,Male,East
C0095,2024-04-14 14:39:10.761681,Female,West
C0096,2024-08-25 14:39:10.761681,Female,West
C0097,2025-01-14 14:39:10.761681,Male,North
C0098,2025-07-25 14:39:10.761681,Female,West
C0099,2025-12-03 14:39:10.761681,Male,West
C0100,2024-01-03 14:39:10.761681,Female,West
C0101,2023-04-29 14:39:10.761681,Female,East
C0102,2021-03-05 14:39:10.761681,Female,North
C0103,2023-09-20 14:39:10.761681,Male,West
C0104,2022-05-27 14:39:10.761681,Female,South
C0105,2021-12-19 14:39:10.761681,Female,South
C0106,2021-10-07 14:39:10.761681,Female,South
C0107,2023-02-22 14:39:10.761681,Male,South
C0108,2023-01-02 14:39:10.761681,Male,East
C0109,2021-11-03 14:39:10.761681,Female,West
C0110,2025-02-07 14:39:10.761681,Male,North
C0111,2025-12-12 14:39:10.761681,Female,West
C0112,2024-07-21 14:39:10.761681,Female,East
C0113,2022-02-16 14:39:10.761681,Female,South
C0114,2021-10-28 14:39:10.761681,Female,East
C0115,2023-08-19 14:39:10.761681,Female,West
C0116,2023-08-14 14:39:10.761681,Female,North
C0117,2024-11-18 14:39:10.761681,Female,East
C0118,2022-01-10 14:39:10.761681,Male,North
C0119,2022-02-28 14:39:10.761681,Male,East
C0120,2022-09-04 14:39:10.761681,Male,North
C0121,2025-10-14 14:39:10.761681,Male,North
C0122,2021-02-07 14:39:10.761681,Male,South
C0123,2025-01-27 14:39:10.761681,Male,North
C0124,2024-04-15 14:39:10.761681,Male,South
C0125,2022-02-15 14:39:10.761681,Female,West
C0126,2025-09-25 14:39:10.761681,Female,West
C0127,2021-12-25 14:39:10.761681,Female,South
C0128,2021-06-30 14:39:10.761681,Female,South
C0129,2021-11-24 14:39:10.761681,Male,East
C0130,2025-09-20 14:39:10.761681,Male,East
C0131,2022-04-12 14:39:10.761681,Female,East
C0132,2023-01-10 14:39:10.761681,Female,West
C0133,2023-09-11 14:39:10.761681,Male,East
C0134,2022-09-12 14:39:10.761681,Female,North
C0135,2022-03-10 14:39:10.761681,Female,North
C0136,2023-05-02 14:39:10.761681,Female,East
C0137,2024-11-03 14:39:10.761681,Female,North
C0138,2023-09-26 14:39:10.761681,Male,West
C0139,2024-04-13 14:39:10.761681,Female,North
C0140,2021-08-10 14:39:10.761681,Female,West
C0141,2021-04-06 14:39:10.761681,Male,South
C0142,2023-09-01 14:39:10.761681,Male,South
C0143,2024-12-09 14:39:10.761681,Female,South
C0144,2023-01-15 14:39:10.761681,Male,South
C0145,2023-04-22 14:39:10.761681,Female,North
C0146,2025-02-07 14:39:10.761681,Female,East
C0147,2024-10-09 14:39:10.761681,Male,North
C0148,2024-09-22 14:39:10.761681,Female,West
C0149,2024-11-03 14:39:10.761681,Female,North
C0150,2021-02-15 14:39:10.761681,Female,North
C0151,2024-01-26 14:39:10.761681,Female,West
C0152,2021-09-18 14:39:10.761681,Male,South
C0153,2024-04-26 14:39:10.761681,Male,South
C0154,2025-11-05 14:39:10.761681,Female,South
C0155,2022-08-22 14:39:10.761681,Male,East
C0156,2023-03-18 14:39:10.761681,Female,West
C0157,2025-06-18 14:39:10.761681,Female,West
C0158,2025-07-01 14:39:10.761681,Female,North
C0159,2025-09-15 14:39:10.761681,Female,East
C0160,2025-06-22 14:39:10.761681,Female,South
C0161,2024-09-30 14:39:10.761681,Male,East
C0162,2023-07-09 14:39:10.761681,Female,West
C0163,2024-07-25 14:39:10.761681,Male,West
C0164,2025-04-01 14:39:10.761681,Male,North
C0165,2024-11-25 14:39:10.761681,Female,North
C0166,2024-10-20 14:39:10.761681,Female,West
C0167,2024-03-11 14:39:10.761681,Female,South
C0168,2021-09-18 14:39:10.761681,Female,South
C0169,2023-05-10 14:39:10.761681,Female,East
C0170,2021-09-10 14:39:10.761681,Male,West
C0171,2023-08-30 14:39:10.761681,Female,West
C0172,2023-02-27 14:39:10.761681,Female,South
C0173,2022-06-25 14:39:10.761681,Male,South
C0174,2021-10-21 14:39:10.761681,Male,West
C0175,2026-01-07 14:39:10.761681,Female,North
C0176,2025-04-25 14:39:10.761681,Male,West
C0177,2026-01-06 14:39:10.761681,Female,West
C0178,2021-03-30 14:39:10.761681,Male,South
C0179,2024-01-11 14:39:10.761681,Male,South
C0180,2023-02-01 14:39:10.761681,Female,North
C0181,2022-12-25 14:39:10.761681,Male,North
C0182,2025-04-29 14:39:10.761681,Male,East
C0183,2024-03-03 14:39:10.761681,Male,West
C0184,2023-12-15 14:39:10.761681,Male,South
C0185,2025-12-17 14:39:10.761681,Male,North
C0186,2025-06-20 14:39:10.761681,Male,East
C0187,2025-03-29 14:39:10.761681,Female,East
C0188,2022-03-30 14:39:10.761681,Female,South
C0189,2022-12-26 14:39:10.761681,Male,South
C0190,2023-06-04 14:39:10.761681,Female,East
C0191,2021-04-07 14:39:10.761681,Female,North
C0192,2024-04-18 14:39:10.761681,Female,East
C0193,2021-09-08 14:39:10.761681,Male,West
C0194,2021-02-07 14:39:10.761681,Female,West
C0195,2021-07-14 14:39:10.761681,Male,South
C0196,2025-12-03 14:39:10.761681,Female,North
C0197,2023-03-27 14:39:10.761681,Male,North
C0198,2024-03-24 14:39:10.761681,Male,West
C0199,2023-07-17 14:39:10.761681,Female,East
C0200,2024-02-22 14:39:10.761681,Female,South
C0201,2021-12-30 14:39:10.761681,Male,East
C0202,2022-09-07 14:39:10.761681,Female,East
C0203,2024-11-16 14:39:10.761681,Female,East
C0204,2025-07-27 14:39:10.761681,Female,North
C0205,2024-08-18 14:39:10.761681,Male,West
C0206,2025-08-03 14:39:10.761681,Male,North
C0207,2023-09-14 14:39:10.761681,Female,West
C0208,2024-10-13 14:39:10.761681,Female,South
C0209,2022-11-01 14:39:10.761681,Female,South
C0210,2023-10-20 14:39:10.761681,Male,East
C0211,2025-05-19 14:39:10.761681,Male,West
C0212,2025-09-04 14:39:10.761681,Female,West
C0213,2024-06-07 14:39:10.761681,Female,West
C0214,2023-08-14 14:39:10.761681,Female,East
C0215,2023-02-12 14:39:10.761681,Female,East
C0216,2024-10-22 14:39:10.761681,Female,South
C0217,2021-07-24 14:39:10.761681,Female,North
C0218,2022-07-10 14:39:10.761681,Male,West
C0219,2025-03-02 14:39:10.761681,Female,West
C0220,2021-03-16 14:39:10.761681,Male,North
C0221,2025-05-15 14:39:10.761681,Female,West
C0222,2024-08-12 14:39:10.761681,Female,East
C0223,2024-12-24 14:39:10.761681,Male,East
C0224,2023-09-17 14:39:10.761681,Male,West
C0225,2024-07-08 14:39:10.761681,Male,East
C0226,2023-10-16 14:39:10.761681,Male,East
C0227,2024-03-28 14:39:10.761681,Female,West
C0228,2023-10-07 14:39:10.761681,Male,South
C0229,2021-03-14 14:39:10.761681,Female,North
C0230,2021-12-29 14:39:10.761681,Male,East
C0231,2024-08-02 14:39:10.761681,Female,South
C0232,2024-05-19 14:39:10.761681,Female,East
C0233,2025-07-19 14:39:10.761681,Female,East
C0234,2023-08-07 14:39:10.761681,Female,North
C0235,2022-05-04 14:39:10.761681,Female,East
C0236,2021-03-13 14:39:10.761681,Female,North
C0237,2024-10-06 14:39:10.761681,Male,North
C0238,2025-10-13 14:39:10.761681,Female,North
C0239,2023-10-05 14:39:10.761681,Male,South
C0240,2023-04-11 14:39:10.761681,Male,West
C0241,2023-10-05 14:39:10.761681,Female,South
C0242,2022-09-20 14:39:10.761681,Male,West
C0243,2024-03-18 14:39:10.761681,Female,West
C0244,2024-01-04 14:39:10.761681,Male,North
C0245,2024-09-21 14:39:10.761681,Female,East
C0246,2021-09-16 14:39:10.761681,Male,North
C0247,2021-12-19 14:39:10.761681,Female,East
C0248,2022-01-19 14:39:10.761681,Female,West
C0249,2021-05-30 14:39:10.761681,Female,North
C0250,2023-01-03 14:39:10.761681,Female,East
C0251,2024-10-13 14:39:10.761681,Male,South
C0252,2025-06-15 14:39:10.761681,Female,East
C0253,2024-01-04 14:39:10.761681,Male,North
C0254,2021-03-16 14:39:10.761681,Male,South
C0255,2025-12-13 14:39:10.761681,Male,East
C0256,2024-09-09 14:39:10.761681,Female,East
C0257,2024-08-13 14:39:10.761681,Male,East
C0258,2021-09-08 14:39:10.761681,Male,East
C0259,2024-04-20 14:39:10.761681,Male,East
C0260,2022-01-06 14:39:10.761681,Female,South
C0261,2024-05-11 14:39:10.761681,Female,West
C0262,2021-05-07 14:39:10.761681,Male,South
C0263,2022-01-23 14:39:10.761681,Female,South
C0264,2022-08-29 14:39:10.761681,Female,South
C0265,2025-06-18 14:39:10.761681,Male,West
C0266,2023-05-01 14:39:10.761681,Male,North
C0267,2025-10-06 14:39:10.761681,Female,West
C0268,2023-03-27 14:39:10.761681,Male,South
C0269,2022-02-02 14:39:10.761681,Female,East
C0270,2022-08-15 14:39:10.761681,Female,East
C0271,2024-11-04 14:39:10.761681,Female,South
C0272,2025-10-18 14:39:10.761681,Female,East
C0273,2024-05-13 14:39:10.761681,Female,South
C0274,2022-01-26 14:39:10.761681,Female,East
C0275,2021-08-14 14:39:10.761681,Male,West
C0276,2025-09-22 14:39:10.761681,Male,North
C0277,2022-04-02 14:39:10.761681,Female,North
C0278,2023-01-05 14:39:10.761681,Female,West
C0279,2021-02-11 14:39:10.761681,Female,West
C0280,2021-06-17 14:39:10.761681,Male,South
C0281,2025-12-11 14:39:10.761681,Female,South
C0282,2022-08-15 14:39:10.761681,Male,South
C0283,2023-05-11 14:39:10.761681,Female,East
C0284,2023-03-07 14:39:10.761681,Female,South
C0285,2023-12-26 14:39:10.761681,Male,West
C0286,2022-07-24 14:39:10.761681,Male,North
C0287,2022-04-06 14:39:10.761681,Female,East
C0288,2024-12-23 14:39:10.761681,Female,South
C0289,2022-12-08 14:39:10.761681,Female,East
C0290,2022-02-02 14:39:10.761681,Male,East
C0291,2025-02-04 14:39:10.761681,Male,South
C0292,2025-09-25 14:39:10.761681,Male,East
C0293,2025-05-29 14:39:10.761681,Male,North
C0294,2021-04-27 14:39:10.761681,Male,West
C0295,2022-01-26 14:39:10.761681,Male,West
C0296,2024-08-09 14:39:10.761681,Female,North
C0297,2025-11-12 14:39:10.761681,Female,East
C0298,2022-09-16 14:39:10.761681,Male,South
C0299,2025-05-02 14:39:10.761681,Female,East
C0300,2021-11-26 14:39:10.761681,Female,North
C0301,2024-07-06 14:39:10.761681,Male,East
C0302,2025-05-03 14:39:10.761681,Female,West
C0303,2024-01-10 14:39:10.761681,Male,East
C0304,2025-09-22 14:39:10.761681,Male,North
C0305,2024-03-17 14:39:10.761681,Female,West
C0306,2024-07-15 14:39:10.761681,Male,East
C0307,2021-02-21 14:39:10.761681,Male,East
C0308,2022-01-30 14:39:10.761681,Male,West
C0309,2024-07-05 14:39:10.761681,Male,South
C0310,2023-06-20 14:39:10.761681,Male,West
C0311,2023-01-05 14:39:10.761681,Male,South
C0312,2022-04-28 14:39:10.761681,Male,North
C0313,2023-06-10 14:39:10.761681,Male,North
C0314,2022-02-04 14:39:10.761681,Female,West
C0315,2022-12-11 14:39:10.761681,Female,West
C0316,2023-11-09 14:39:10.761681,Female,North
C0317,2024-10-16 14:39:10.761681,Male,South
C0318,2022-05-17 14:39:10.761681,Male,North
C0319,2022-03-25 14:39:10.761681,Female,West
C0320,2025-02-22 14:39:10.761681,Female,North
C0321,2022-09-13 14:39:10.761681,Female,West
C0322,2024-07-15 14:39:10.761681,Male,West
C0323,2024-07-06 14:39:10.761681,Female,North
C0324,2023-10-26 14:39:10.761681,Female,South
C0325,2025-01-10 14:39:10.761681,Male,East
C0326,2022-08-30 14:39:10.761681,Female,North
C0327,2022-01-05 14:39:10.761681,Male,East
C0328,2024-07-04 14:39:10.761681,Male,North
C0329,2021-03-13 14:39:10.761681,Male,East
C0330,2023-10-21 14:39:10.761681,Female,South
C0331,2021-11-09 14:39:10.761681,Female,South
C0332,2024-06-08 14:39:10.761681,Male,North
C0333,2023-08-09 14:39:10.761681,Female,West
C0334,2022-06-03 14:39:10.761681,Female,East
C0335,2024-07-24 14:39:10.761681,Female,West
C0336,2024-10-14 14:39:10.761681,Female,West
C0337,2023-02-05 14:39:10.761681,Male,West
C0338,2021-08-15 14:39:10.761681,Female,South
C0339,2023-12-12 14:39:10.761681,Male,North
C0340,2022-07-13 14:39:10.761681,Male,North
C0341,2023-08-11 14:39:10.761681,Female,South
C0342,2022-03-12 14:39:10.761681,Male,South
C0343,2023-07-10 14:39:10.761681,Female,North
C0344,2023-01-10 14:39:10.761681,Female,West
C0345,2021-02-26 14:39:10.761681,Male,East
C0346,2022-05-24 14:39:10.761681,Male,East
C0347,2024-03-24 14:39:10.761681,Male,East
C0348,2021-09-02 14:39:10.761681,Male,West
C0349,2021-12-07 14:39:10.761681,Female,North
C0350,2024-08-21 14:39:10.761681,Female,South
C0351,2023-01-09 14:39:10.761681,Female,North
C0352,2022-12-23 14:39:10.761681,Male,West
C0353,2021-11-16 14:39:10.761681,Male,South
C0354,2023-01-21 14:39:10.761681,Male,West
C0355,2025-10-01 14:39:10.761681,Female,East
C0356,2023-03-09 14:39:10.761681,Male,East
C0357,2024-07-09 14:39:10.761681,Female,West
C0358,2023-09-10 14:39:10.761681,Male,South
C0359,2022-02-20 14:39:10.761681,Female,South
C0360,2022-05-10 14:39:10.761681,Female,North
C0361,2023-12-02 14:39:10.761681,Male,East
C0362,2021-03-05 14:39:10.761681,Male,North
C0363,2023-07-31 14:39:10.761681,Female,North
C0364,2023-12-28 14:39:10.761681,Female,West
C0365,2025-09-01 14:39:10.761681,Male,West
C0366,2023-07-03 14:39:10.761681,Male,North
C0367,2021-04-24 14:39:10.761681,Female,East
C0368,2023-09-09 14:39:10.761681,Male,West
C0369,2022-05-09 14:39:10.761681,Female,North
C0370,2022-08-28 14:39:10.761681,Female,North
C0371,2025-05-16 14:39:10.761681,Male,North
C0372,2025-03-21 14:39:10.761681,Male,North
C0373,2025-01-28 14:39:10.761681,Male,North
C0374,2023-02-12 14:39:10.761681,Male,North
C0375,2024-09-05 14:39:10.761681,Male,West
C0376,2022-07-05 14:39:10.761681,Female,East
C0377,2024-03-03 14:39:10.761681,Female,North
C0378,2022-03-08 14:39:10.761681,Male,South
C0379,2025-03-28 14:39:10.761681,Male,West
C0380,2021-03-15 14:39:10.761681,Male,West
C0381,2024-08-22 14:39:10.761681,Female,North
C0382,2023-07-11 14:39:10.761681,Male,West
C0383,2023-04-12 14:39:10.761681,Male,North
C0384,2021-07-11 14:39:10.761681,Female,East
C0385,2024-02-08 14:39:10.761681,Female,East
C0386,2023-07-08 14:39:10.761681,Male,West
C0387,2026-02-02 14:39:10.761681,Male,West
C0388,2024-04-03 14:39:10.761681,Male,South
C0389,2025-10-12 14:39:10.761681,Female,West
C0390,2023-10-06 14:39:10.761681,Male,South
C0391,2024-02-17 14:39:10.761681,Male,East
C0392,2023-12-17 14:39:10.761681,Male,East
C0393,2025-02-26 14:39:10.761681,Female,North
C0394,2025-05-17 14:39:10.761681,Female,East
C0395,2025-11-01 14:39:10.761681,Male,South
C0396,2023-06-03 14:39:10.761681,Male,West
C0397,2024-12-11 14:39:10.761681,Female,North
C0398,2023-02-22 14:39:10.761681,Female,South
C0399,2025-02-07 14:39:10.761681,Female,West
C0400,2025-07-21 14:39:10.761681,Female,North
C0401,2023-10-21 14:39:10.761681,Female,East
C0402,2021-02-25 14:39:10.761681,Female,South
C0403,2021-12-04 14:39:10.761681,Female,West
C0404,2023-06-23 14:39:10.761681,Female,North
C0405,2021-04-29 14:39:10.761681,Female,North
C0406,2026-01-07 14:39:10.761681,Male,East
C0407,2025-09-14 14:39:10.761681,Male,West
C0408,2025-02-20 14:39:10.761681,Male,East
C0409,2024-12-16 14:39:10.761681,Female,East
C0410,2025-04-15 14:39:10.761681,Male,West
C0411,2024-08-08 14:39:10.761681,Female,West
C0412,2022-08-28 14:39:10.761681,Female,West
C0413,2023-08-27 14:39:10.761681,Male,South
C0414,2025-05-05 14:39:10.761681,Female,West
C0415,2024-05-05 14:39:10.761681,Male,North
C0416,2024-05-06 14:39:10.761681,Male,East
C0417,2023-11-10 14:39:10.761681,Male,South
C0418,2023-04-08 14:39:10.761681,Female,West
C0419,2023-04-07 14:39:10.761681,Male,South
C0420,2025-05-02 14:39:10.761681,Female,West
C0421,2026-01-19 14:39:10.761681,Male,South
C0422,2024-08-22 14:39:10.761681,Male,East
C0423,2022-06-11 14:39:10.761681,Male,East
C0424,2021-08-31 14:39:10.761681,Female,North
C0425,2025-05-17 14:39:10.761681,Female,North
C0426,2025-07-01 14:39:10.761681,Female,West
C0427,2024-01-24 14:39:10.761681,Male,East
C0428,2022-04-10 14:39:10.761681,Male,South
C0429,2023-10-17 14:39:10.761681,Female,South
C0430,2025-09-12 14:39:10.761681,Female,South
C0431,2025-07-22 14:39:10.761681,Female,North
C0432,2024-09-29 14:39:10.761681,Female,South
C0433,2022-07-09 14:39:10.761681,Female,North
C0434,2022-09-18 14:39:10.761681,Female,North
C0435,2023-12-22 14:39:10.761681,Male,West
C0436,2025-10-11 14:39:10.761681,Female,South
C0437,2025-06-09 14:39:10.761681,Male,South
C0438,2021-08-22 14:39:10.761681,Male,East
C0439,2022-02-26 14:39:10.761681,Female,West
C0440,2022-01-19 14:39:10.761681,Female,East
C0441,2023-09-22 14:39:10.761681,Male,West
C0442,2022-12-29 14:39:10.761681,Female,South
C0443,2025-05-14 14:39:10.761681,Female,North
C0444,2022-02-17 14:39:10.761681,Male,North
C0445,2023-07-23 14:39:10.761681,Male,North
C0446,2023-08-09 14:39:10.761681,Male,North
C0447,2025-06-05 14:39:10.761681,Female,North
C0448,2022-07-16 14:39:10.761681,Male,East
C0449,2024-04-26 14:39:10.761681,Female,West
C0450,2023-02-08 14:39:10.761681,Male,South
C0451,2021-08-29 14:39:10.761681,Male,East
C0452,2022-05-05 14:39:10.761681,Male,West
C0453,2024-08-24 14:39:10.761681,Female,North
C0454,2024-07-18 14:39:10.761681,Female,West
C0455,2025-12-04 14:39:10.761681,Male,West
C0456,2022-07-10 14:39:10.761681,Male,North
C0457,2025-10-03 14:39:10.761681,Male,North
C0458,2023-11-18 14:39:10.761681,Female,North
C0459,2023-09-18 14:39:10.761681,Male,South
C0460,2023-01-31 14:39:10.761681,Female,North
C0461,2023-11-15 14:39:10.761681,Male,South
C0462,2022-06-20 14:39:10.761681,Male,North
C0463,2021-06-01 14:39:10.761681,Male,South
C0464,2022-02-25 14:39:10.761681,Male,West
C0465,2024-11-03 14:39:10.761681,Male,East
C0466,2022-09-11 14:39:10.761681,Male,West
C0467,2022-03-06 14:39:10.761681,Female,West
C0468,2024-01-28 14:39:10.761681,Male,North
C0469,2025-11-11 14:39:10.761681,Female,South
C0470,2023-01-26 14:39:10.761681,Male,East
C0471,2021-04-17 14:39:10.761681,Male,North
C0472,2026-01-22 14:39:10.761681,Female,North
C0473,2021-11-05 14:39:10.761681,Male,North
C0474,2024-10-10 14:39:10.761681,Female,West
C0475,2022-01-08 14:39:10.761681,Female,South
C0476,2024-11-25 14:39:10.761681,Male,South
C0477,2025-04-03 14:39:10.761681,Female,East
C0478,2022-10-04 14:39:10.761681,Female,South
C0479,2021-07-20 14:39:10.761681,Male,South
C0480,2025-05-22 14:39:10.761681,Female,North
C0481,2021-02-15 14:39:10.761681,Male,North
C0482,2024-09-21 14:39:10.761681,Male,West
C0483,2023-02-03 14:39:10.761681,Male,North
C0484,2023-04-16 14:39:10.761681,Male,North
C0485,2021-05-17 14:39:10.761681,Female,North
C0486,2025-01-23 14:39:10.761681,Male,North
C0487,2024-12-21 14:39:10.761681,Male,West
C0488,2023-03-25 14:39:10.761681,Female,North
C0489,2021-09-06 14:39:10.761681,Male,East
C0490,2025-10-16 14:39:10.761681,Male,East
C0491,2024-02-21 14:39:10.761681,Female,East
C0492,2025-05-31 14:39:10.761681,Female,East
C0493,2022-03-12 14:39:10.761681,Female,North
C0494,2022-09-15 14:39:10.761681,Female,East
C0495,2023-07-13 14:39:10.761681,Female,North
C0496,2024-01-10 14:39:10.761681,Female,West
C0497,2025-09-27 14:39:10.761681,Female,East
C0498,2025-03-02 14:39:10.761681,Male,South
C0499,2022-09-19 14:39:10.761681,Female,East
C0500,2024-09-30 14:39:10.761681,Female,East
C0501,2024-02-19 14:39:10.761681,Female,North
C0502,2021-05-07 14:39:10.761681,Male,East
C0503,2025-09-15 14:39:10.761681,Male,South
C0504,2022-12-09 14:39:10.761681,Female,North
C0505,2023-01-19 14:39:10.761681,Female,North
C0506,2023-08-29 14:39:10.761681,Female,West
C0507,2021-10-04 14:39:10.761681,Male,West
C0508,2021-02-06 14:39:10.761681,Male,East
C0509,2021-09-17 14:39:10.761681,Female,West
C0510,2023-04-16 14:39:10.761681,Male,West
C0511,2025-12-09 14:39:10.761681,Female,West
C0512,2022-09-16 14:39:10.761681,Male,North
C0513,2021-05-31 14:39:10.761681,Male,North
C0514,2025-09-21 14:39:10.761681,Female,North
C0515,2023-08-11 14:39:10.761681,Female,West
C0516,2024-03-07 14:39:10.761681,Female,North
C0517,2021-08-17 14:39:10.761681,Female,West
C0518,2024-05-09 14:39:10.761681,Male,North
C0519,2023-06-25 14:39:10.761681,Male,North
C0520,2021-05-05 14:39:10.761681,Male,South
C0521,2025-10-11 14:39:10.761681,Female,East
C0522,2021-06-06 14:39:10.761681,Male,West
C0523,2021-06-27 14:39:10.761681,Female,South
C0524,2023-10-26 14:39:10.761681,Male,North
C0525,2021-05-21 14:39:10.761681,Female,West
C0526,2023-07-11 14:39:10.761681,Female,North
C0527,2022-04-08 14:39:10.761681,Male,East
C0528,2024-09-25 14:39:10.761681,Female,South
C0529,2021-12-18 14:39:10.761681,Female,East
C0530,2022-11-01 14:39:10.761681,Male,South
C0531,2021-02-13 14:39:10.761681,Female,North
C0532,2023-03-20 14:39:10.761681,Female,East
C0533,2024-02-06 14:39:10.761681,Female,East
C0534,2024-11-18 14:39:10.761681,Male,North
C0535,2021-09-15 14:39:10.761681,Male,East
C0536,2025-01-14 14:39:10.761681,Female,West
C0537,2022-08-11 14:39:10.761681,Male,South
C0538,2024-11-29 14:39:10.761681,Female,South
C0539,2023-01-21 14:39:10.761681,Female,South
C0540,2024-08-15 14:39:10.761681,Female,West
C0541,2025-10-15 14:39:10.761681,Female,South
C0542,2024-10-08 14:39:10.761681,Female,North
C0543,2024-02-17 14:39:10.761681,Male,East
C0544,2024-10-08 14:39:10.761681,Female,West
C0545,2021-05-26 14:39:10.761681,Male,South
C0546,2021-10-13 14:39:10.761681,Male,North
C0547,2022-02-22 14:39:10.761681,Female,East
C0548,2021-02-11 14:39:10.761681,Female,East
C0549,2022-05-09 14:39:10.761681,Male,West
C0550,2024-02-17 14:39:10.761681,Male,West
C0551,2021-08-31 14:39:10.761681,Male,West
C0552,2023-07-24 14:39:10.761681,Female,North
C0553,2024-12-19 14:39:10.761681,Male,North
C0554,2024-10-04 14:39:10.761681,Female,West
C0555,2021-02-26 14:39:10.761681,Female,South
C0556,2022-03-21 14:39:10.761681,Female,East
C0557,2023-07-19 14:39:10.761681,Male,East
C0558,2022-07-04 14:39:10.761681,Female,North
C0559,2024-03-31 14:39:10.761681,Female,East
C0560,2023-04-24 14:39:10.761681,Female,South
C0561,2025-10-25 14:39:10.761681,Female,East
C0562,2023-06-28 14:39:10.761681,Female,North
C0563,2021-02-18 14:39:10.761681,Male,North
C0564,2023-10-03 14:39:10.761681,Female,South
C0565,2023-10-10 14:39:10.761681,Female,South
C0566,2023-11-15 14:39:10.761681,Male,East
C0567,2023-12-07 14:39:10.761681,Female,East
C0568,2021-05-02 14:39:10.761681,Male,North
C0569,2025-05-02 14:39:10.761681,Female,South
C0570,2023-08-02 14:39:10.761681,Male,South
C0571,2025-05-15 14:39:10.761681,Male,South
C0572,2024-09-21 14:39:10.761681,Female,East
C0573,2024-07-25 14:39:10.761681,Female,South
C0574,2021-06-06 14:39:10.761681,Female,North
C0575,2024-04-20 14:39:10.761681,Male,North
C0576,2025-06-14 14:39:10.761681,Male,East
C0577,2023-02-24 14:39:10.761681,Male,West
C0578,2024-11-15 14:39:10.761681,Female,East
C0579,2022-12-21 14:39:10.761681,Male,West
C0580,2025-11-27 14:39:10.761681,Male,South
C0581,2025-08-17 14:39:10.761681,Female,East
C0582,2021-12-10 14:39:10.761681,Male,North
C0583,2022-12-31 14:39:10.761681,Male,South
C0584,2021-11-19 14:39:10.761681,Female,North
C0585,2021-12-08 14:39:10.761681,Male,South
C0586,2025-07-11 14:39:10.761681,Female,East
C0587,2023-08-07 14:39:10.761681,Female,West
C0588,2025-11-17 14:39:10.761681,Female,South
C0589,2022-11-28 14:39:10.761681,Female,West
C0590,2022-08-07 14:39:10.761681,Female,South
C0591,2024-11-11 14:39:10.761681,Male,North
C0592,2021-12-13 14:39:10.761681,Male,North
C0593,2023-06-27 14:39:10.761681,Female,South
C0594,2024-01-23 14:39:10.761681,Female,West
C0595,2025-08-29 14:39:10.761681,Male,East
C0596,2023-08-17 14:39:10.761681,Female,East
C0597,2025-11-08 14:39:10.761681,Female,North
C0598,2023-03-01 14:39:10.761681,Female,East
C0599,2021-03-11 14:39:10.761681,Male,North
C0600,2022-04-25 14:39:10.761681,Male,East
C0601,2021-05-08 14:39:10.761681,Female,South
C0602,2024-06-19 14:39:10.761681,Female,North
C0603,2022-01-23 14:39:10.761681,Male,North
C0604,2023-07-27 14:39:10.761681,Male,South
C0605,2024-10-22 14:39:10.761681,Female,North
C0606,2023-06-16 14:39:10.761681,Female,East
C0607,2025-11-19 14:39:10.761681,Male,East
C0608,2021-07-13 14:39:10.761681,Male,North
C0609,2023-09-19 14:39:10.761681,Male,East
C0610,2021-02-28 14:39:10.761681,Female,West
C0611,2022-03-15 14:39:10.761681,Male,North
C0612,2023-04-20 14:39:10.761681,Female,South
C0613,2022-07-05 14:39:10.761681,Male,West
C0614,2023-02-06 14:39:10.761681,Male,North
C0615,2024-11-23 14:39:10.761681,Male,South
C0616,2024-12-11 14:39:10.761681,Male,East
C0617,2022-07-21 14:39:10.761681,Female,South
C0618,2023-09-18 14:39:10.761681,Female,West
C0619,2021-07-06 14:39:10.761681,Male,East
C0620,2025-06-09 14:39:10.761681,Female,North
C0621,2025-10-14 14:39:10.761681,Male,East
C0622,2023-09-09 14:39:10.761681,Male,North
C0623,2022-10-05 14:39:10.761681,Male,North
C0624,2025-08-03 14:39:10.761681,Male,South
C0625,2022-03-31 14:39:10.761681,Female,South
C0626,2024-08-01 14:39:10.761681,Male,South
C0627,2024-03-21 14:39:10.761681,Male,West
C0628,2023-06-20 14:39:10.761681,Female,West
C0629,2025-04-20 14:39:10.761681,Male,South
C0630,2025-12-04 14:39:10.761681,Male,West
C0631,2022-09-05 14:39:10.761681,Male,East
C0632,2022-01-05 14:39:10.761681,Female,East
C0633,2025-01-16 14:39:10.761681,Male,West
C0634,2023-08-25 14:39:10.761681,Female,West
C0635,2026-01-07 14:39:10.761681,Male,East
C0636,2021-11-26 14:39:10.761681,Male,North
C0637,2023-03-01 14:39:10.761681,Female,East
C0638,2024-11-30 14:39:10.761681,Male,East
C0639,2021-08-09 14:39:10.761681,Male,West
C0640,2024-07-28 14:39:10.761681,Female,East
C0641,2022-11-03 14:39:10.761681,Female,West
C0642,2024-08-19 14:39:10.761681,Female,West
C0643,2025-08-29 14:39:10.761681,Female,South
C0644,2024-07-19 14:39:10.761681,Female,East
C0645,2022-07-19 14:39:10.761681,Male,North
C0646,2025-05-30 14:39:10.761681,Female,South
C0647,2021-02-25 14:39:10.761681,Male,West
C0648,2023-08-04 14:39:10.761681,Male,West
C0649,2025-12-01 14:39:10.761681,Male,North
C0650,2023-06-21 14:39:10.761681,Female,West
C0651,2023-04-09 14:39:10.761681,Female,East
C0652,2025-04-28 14:39:10.761681,Male,South
C0653,2021-05-15 14:39:10.761681,Female,West
C0654,2023-02-26 14:39:10.761681,Female,West
C0655,2022-05-28 14:39:10.761681,Female,North
C0656,2025-07-16 14:39:10.761681,Female,East
C0657,2024-09-18 14:39:10.761681,Male,West
C0658,2023-09-02 14:39:10.761681,Male,North
C0659,2022-07-15 14:39:10.761681,Female,West
C0660,2022-01-04 14:39:10.761681,Male,North
C0661,2021-02-06 14:39:10.761681,Female,North
C0662,2022-02-14 14:39:10.761681,Female,East
C0663,2021-11-24 14:39:10.761681,Male,West
C0664,2023-05-22 14:39:10.761681,Male,East
C0665,2023-11-06 14:39:10.761681,Male,North
C0666,2022-08-11 14:39:10.761681,Female,South
C0667,2021-12-19 14:39:10.761681,Male,West
C0668,2025-04-10 14:39:10.761681,Female,South
C0669,2022-02-20 14:39:10.761681,Male,West
C0670,2025-08-09 14:39:10.761681,Male,East
C0671,2021-02-18 14:39:10.761681,Female,East
C0672,2022-06-23 14:39:10.761681,Female,East
C0673,2021-09-23 14:39:10.761681,Female,East
C0674,2024-02-17 14:39:10.761681,Female,East
C0675,2021-06-14 14:39:10.761681,Female,South
C0676,2025-12-07 14:39:10.761681,Female,East
C0677,2023-05-23 14:39:10.761681,Female,North
C0678,2024-04-18 14:39:10.761681,Female,North
C0679,2023-07-15 14:39:10.761681,Male,South
C0680,2021-03-04 14:39:10.761681,Female,West
C0681,2021-04-11 14:39:10.761681,Female,North
C0682,2024-05-06 14:39:10.761681,Male,West
C0683,2024-07-11 14:39:10.761681,Female,South
C0684,2021-10-23 14:39:10.761681,Male,West
C0685,2025-02-16 14:39:10.761681,Male,West
C0686,2025-01-22 14:39:10.761681,Female,West
C0687,2022-05-10 14:39:10.761681,Male,West
C0688,2025-10-01 14:39:10.761681,Female,South
C0689,2021-12-02 14:39:10.761681,Male,North
C0690,2023-08-12 14:39:10.761681,Male,East
C0691,2024-09-23 14:39:10.761681,Male,West
C0692,2021-11-18 14:39:10.761681,Female,North
C0693,2024-12-24 14:39:10.761681,Female,North
C0694,2023-12-05 14:39:10.761681,Male,South
C0695,2025-11-01 14:39:10.761681,Male,North
C0696,2022-10-27 14:39:10.761681,Female,South
C0697,2021-11-01 14:39:10.761681,Female,West
C0698,2022-09-19 14:39:10.761681,Male,West
C0699,2025-07-22 14:39:10.761681,Male,East
C0700,2026-01-11 14:39:10.761681,Female,East
C0701,2023-05-29 14:39:10.761681,Female,East
C0702,2023-06-16 14:39:10.761681,Female,North
C0703,2024-11-20 14:39:10.761681,Female,West
C0704,2024-08-08 14:39:10.761681,Female,South
C0705,2021-06-17 14:39:10.761681,Male,East
C0706,2024-08-27 14:39:10.761681,Female,South
C0707,2026-01-09 14:39:10.761681,Male,South
C0708,2025-10-08 14:39:10.761681,Female,East
C0709,2023-10-04 14:39:10.761681,Male,West
C0710,2022-07-02 14:39:10.761681,Female,East
C0711,2021-12-14 14:39:10.761681,Female,South
C0712,2022-09-03 14:39:10.761681,Male,East
C0713,2023-07-10 14:39:10.761681,Male,South
C0714,2024-09-04 14:39:10.761681,Female,South
C0715,2024-03-25 14:39:10.761681,Female,East
C0716,2024-03-11 14:39:10.761681,Female,North
C0717,2022-12-23 14:39:10.761681,Female,East
C0718,2024-06-16 14:39:10.761681,Female,North
C0719,2021-07-19 14:39:10.761681,Male,South
C0720,2021-12-06 14:39:10.761681,Male,South
C0721,2025-04-05 14:39:10.761681,Female,North
C0722,2025-08-18 14:39:10.761681,Male,South
C0723,2025-06-03 14:39:10.761681,Male,North
C0724,2021-07-10 14:39:10.761681,Male,North
C0725,2024-11-26 14:39:10.761681,Female,South
C0726,2025-11-13 14:39:10.761681,Male,West
C0727,2022-10-17 14:39:10.761681,Female,North
C0728,2024-08-02 14:39:10.761681,Male,East
C0729,2023-09-19 14:39:10.761681,Female,East
C0730,2022-01-04 14:39:10.761681,Male,South
C0731,2025-08-28 14:39:10.761681,Female,West
C0732,2023-10-01 14:39:10.761681,Female,South
C0733,2022-06-30 14:39:10.761681,Male,West
C0734,2024-09-13 14:39:10.761681,Female,North
C0735,2023-12-15 14:39:10.761681,Female,North
C0736,2021-11-13 14:39:10.761681,Female,North
C0737,2023-04-12 14:39:10.761681,Female,North
C0738,2023-11-26 14:39:10.761681,Female,East
C0739,2021-06-03 14:39:10.761681,Female,East
C0740,2023-12-30 14:39:10.761681,Female,South
C0741,2021-08-21 14:39:10.761681,Female,West
C0742,2022-06-04 14:39:10.761681,Male,North
C0743,2025-12-21 14:39:10.761681,Male,North
C0744,2024-01-23 14:39:10.761681,Female,West
C0745,2023-05-22 14:39:10.761681,Female,West
C0746,2024-05-04 14:39:10.761681,Male,South
C0747,2023-11-10 14:39:10.761681,Male,West
C0748,2022-12-27 14:39:10.761681,Male,North
C0749,2024-06-18 14:39:10.761681,Female,North
C0750,2023-12-07 14:39:10.761681,Male,North
C0751,2022-06-09 14:39:10.761681,Female,North
C0752,2021-11-07 14:39:10.761681,Female,North
C0753,2022-12-29 14:39:10.761681,Male,South
C0754,2021-10-04 14:39:10.761681,Female,North
C0755,2024-06-28 14:39:10.761681,Female,South
C0756,2024-08-02 14:39:10.761681,Female,North
C0757,2021-06-10 14:39:10.761681,Female,East
C0758,2021-09-09 14:39:10.761681,Male,East
C0759,2024-09-26 14:39:10.761681,Male,East
C0760,2026-01-30 14:39:10.761681,Female,East
C0761,2024-05-28 14:39:10.761681,Female,South
C0762,2024-01-03 14:39:10.761681,Male,South
C0763,2024-07-05 14:39:10.761681,Female,West
C0764,2024-05-27 14:39:10.761681,Male,North
C0765,2022-06-14 14:39:10.761681,Female,East
C0766,2022-04-07 14:39:10.761681,Female,South
C0767,2024-05-21 14:39:10.761681,Male,North
C0768,2023-08-12 14:39:10.761681,Male,North
C0769,2025-01-26 14:39:10.761681,Male,South
C0770,2024-09-14 14:39:10.761681,Male,East
C0771,2021-07-05 14:39:10.761681,Female,West
C0772,2022-02-23 14:39:10.761681,Male,North
C0773,2025-08-24 14:39:10.761681,Female,West
C0774,2021-12-09 14:39:10.761681,Male,East
C0775,2024-10-26 14:39:10.761681,Male,East
C0776,2023-02-20 14:39:10.761681,Female,West
C0777,2023-07-16 14:39:10.761681,Male,East
C0778,2022-02-14 14:39:10.761681,Male,North
C0779,2023-12-03 14:39:10.761681,Male,West
C0780,2024-10-31 14:39:10.761681,Male,East
C0781,2021-06-13 14:39:10.761681,Female,West
C0782,2023-11-16 14:39:10.761681,Female,North
C0783,2026-01-09 14:39:10.761681,Male,East
C0784,2022-12-05 14:39:10.761681,Male,North
C0785,2024-11-11 14:39:10.761681,Male,East
C0786,2024-11-17 14:39:10.761681,Female,South
C0787,2022-07-06 14:39:10.761681,Female,East
C0788,2025-04-03 14:39:10.761681,Female,West
C0789,2021-05-01 14:39:10.761681,Female,East
C0790,2024-05-18 14:39:10.761681,Male,North
C0791,2024-06-05 14:39:10.761681,Male,North
C0792,2021-12-12 14:39:10.761681,Male,East
C0793,2024-03-23 14:39:10.761681,Female,West
C0794,2024-06-30 14:39:10.761681,Male,South
C0795,2022-04-07 14:39:10.761681,Female,West
C0796,2025-01-12 14:39:10.761681,Female,South
C0797,2021-05-29 14:39:10.761681,Male,North
C0798,2024-04-18 14:39:10.761681,Male,West
C0799,2025-05-16 14:39:10.761681,Male,South
C0800,2025-09-03 14:39:10.761681,Female,East
C0801,2021-12-04 14:39:10.761681,Female,North
C0802,2023-02-18 14:39:10.761681,Male,East
C0803,2022-09-15 14:39:10.761681,Male,North
C0804,2023-10-19 14:39:10.761681,Female,West
C0805,2022-01-15 14:39:10.761681,Male,West
C0806,2023-04-29 14:39:10.761681,Female,North
C0807,2023-04-16 14:39:10.761681,Female,North
C0808,2023-11-26 14:39:10.761681,Male,North
C0809,2024-04-20 14:39:10.761681,Male,West
C0810,2024-09-07 14:39:10.761681,Male,South
C0811,2025-09-09 14:39:10.761681,Male,East
C0812,2024-01-17 14:39:10.761681,Female,East
C0813,2024-09-24 14:39:10.761681,Female,West
C0814,2024-02-02 14:39:10.761681,Female,East
C0815,2022-01-31 14:39:10.761681,Male,North
C0816,2025-07-19 14:39:10.761681,Female,South
C0817,2024-07-02 14:39:10.761681,Male,East
C0818,2023-11-11 14:39:10.761681,Male,South
C0819,2023-01-09 14:39:10.761681,Male,North
C0820,2022-09-02 14:39:10.761681,Male,East
C0821,2025-07-02 14:39:10.761681,Male,West
C0822,2024-05-04 14:39:10.761681,Male,South
C0823,2025-10-06 14:39:10.761681,Female,North
C0824,2024-02-22 14:39:10.761681,Male,South
C0825,2022-12-24 14:39:10.761681,Female,East
C0826,2023-03-27 14:39:10.761681,Female,East
C0827,2022-09-12 14:39:10.761681,Male,West
C0828,2025-12-21 14:39:10.761681,Male,North
C0829,2022-09-16 14:39:10.761681,Male,North
C0830,2024-05-02 14:39:10.761681,Female,West
C0831,2022-06-08 14:39:10.761681,Male,West
C0832,2023-10-03 14:39:10.761681,Female,North
C0833,2024-10-14 14:39:10.761681,Male,South
C0834,2025-07-27 14:39:10.761681,Male,South
C0835,2024-12-10 14:39:10.761681,Female,West
C0836,2024-03-06 14:39:10.761681,Female,South
C0837,2022-06-13 14:39:10.761681,Male,North
C0838,2025-08-30 14:39:10.761681,Female,East
C0839,2025-07-31 14:39:10.761681,Female,East
C0840,2021-02-23 14:39:10.761681,Female,South
C0841,2025-02-21 14:39:10.761681,Female,West
C0842,2025-03-21 14:39:10.761681,Female,West
C0843,2025-07-11 14:39:10.761681,Male,West
C0844,2022-03-08 14:39:10.761681,Male,West
C0845,2023-11-02 14:39:10.761681,Female,West
C0846,2024-08-30 14:39:10.761681,Male,South
C0847,2023-06-05 14:39:10.761681,Male,East
C0848,2024-11-24 14:39:10.761681,Female,East
C0849,2024-10-21 14:39:10.761681,Male,South
C0850,2025-08-27 14:39:10.761681,Female,West
C0851,2024-11-03 14:39:10.761681,Female,South
C0852,2023-05-07 14:39:10.761681,Male,East
C0853,2022-05-05 14:39:10.761681,Female,North
C0854,2025-07-18 14:39:10.761681,Female,South
C0855,2023-01-30 14:39:10.761681,Female,West
C0856,2025-09-10 14:39:10.761681,Female,East
C0857,2024-01-29 14:39:10.761681,Female,East
C0858,2024-02-09 14:39:10.761681,Male,East
C0859,2023-01-16 14:39:10.761681,Male,East
C0860,2021-06-27 14:39:10.761681,Female,West
C0861,2023-08-10 14:39:10.761681,Female,North
C0862,2023-05-13 14:39:10.761681,Male,East
C0863,2022-10-02 14:39:10.761681,Female,South
C0864,2025-03-12 14:39:10.761681,Male,North
C0865,2025-01-15 14:39:10.761681,Female,East
C0866,2021-12-06 14:39:10.761681,Female,North
C0867,2023-02-10 14:39:10.761681,Female,South
C0868,2025-04-05 14:39:10.761681,Female,East
C0869,2021-11-22 14:39:10.761681,Female,South
C0870,2021-05-17 14:39:10.761681,Female,West
C0871,2024-08-18 14:39:10.761681,Female,East
C0872,2023-06-21 14:39:10.761681,Male,East
C0873,2023-09-30 14:39:10.761681,Male,East
C0874,2025-08-08 14:39:10.761681,Male,East
C0875,2023-10-06 14:39:10.761681,Female,West
C0876,2023-05-27 14:39:10.761681,Female,East
C0877,2023-09-24 14:39:10.761681,Female,North
C0878,2023-09-04 14:39:10.761681,Female,East
C0879,2026-01-10 14:39:10.761681,Female,West
C0880,2023-11-28 14:39:10.761681,Female,East
C0881,2021-04-30 14:39:10.761681,Female,North
C0882,2026-01-27 14:39:10.761681,Male,West
C0883,2021-12-29 14:39:10.761681,Female,West
C0884,2023-05-01 14:39:10.761681,Male,North
C0885,2025-02-17 14:39:10.761681,Male,North
C0886,2022-05-04 14:39:10.761681,Female,North
C0887,2022-10-26 14:39:10.761681,Female,North
C0888,2024-07-03 14:39:10.761681,Male,North
C0889,2024-04-27 14:39:10.761681,Male,West
C0890,2022-12-01 14:39:10.761681,Female,West
C0891,2021-02-16 14:39:10.761681,Female,East
C0892,2024-04-06 14:39:10.761681,Male,East
C0893,2021-12-05 14:39:10.761681,Female,South
C0894,2024-09-13 14:39:10.761681,Female,East
C0895,2023-10-07 14:39:10.761681,Female,East
C0896,2024-09-20 14:39:10.761681,Male,North
C0897,2025-12-04 14:39:10.761681,Male,North
C0898,2023-03-29 14:39:10.761681,Male,East
C0899,2021-03-19 14:39:10.761681,Female,South
C0900,2023-09-06 14:39:10.761681,Female,North
C0901,2022-01-13 14:39:10.761681,Male,East
C0902,2024-10-16 14:39:10.761681,Male,East
C0903,2022-06-17 14:39:10.761681,Male,West
C0904,2022-02-03 14:39:10.761681,Female,South
C0905,2023-07-15 14:39:10.761681,Male,West
C0906,2022-04-07 14:39:10.761681,Male,South
C0907,2023-11-06 14:39:10.761681,Female,North
C0908,2021-02-25 14:39:10.761681,Female,South
C0909,2022-03-18 14:39:10.761681,Female,East
C0910,2022-10-16 14:39:10.761681,Male,East
C0911,2023-11-16 14:39:10.761681,Female,South
C0912,2022-01-06 14:39:10.761681,Female,South
C0913,2024-03-21 14:39:10.761681,Male,South
C0914,2024-03-28 14:39:10.761681,Female,West
C0915,2022-03-10 14:39:10.761681,Male,South
C0916,2023-04-08 14:39:10.761681,Male,North
C0917,2023-01-20 14:39:10.761681,Female,West
C0918,2021-03-27 14:39:10.761681,Female,West
C0919,2026-01-16 14:39:10.761681,Female,South
C0920,2021-12-25 14:39:10.761681,Female,North
C0921,2023-04-04 14:39:10.761681,Female,West
C0922,2021-06-25 14:39:10.761681,Female,East
C0923,2022-05-20 14:39:10.761681,Male,West
C0924,2023-04-02 14:39:10.761681,Male,South
C0925,2024-10-24 14:39:10.761681,Female,North
C0926,2023-09-26 14:39:10.761681,Male,South
C0927,2023-11-09 14:39:10.761681,Female,East
C0928,2022-02-12 14:39:10.761681,Male,East
C0929,2025-06-11 14:39:10.761681,Male,East
C0930,2022-06-13 14:39:10.761681,Male,South
C0931,2025-05-17 14:39:10.761681,Female,West
C0932,2025-09-24 14:39:10.761681,Male,South
C0933,2023-02-25 14:39:10.761681,Female,North
C0934,2024-04-29 14:39:10.761681,Male,West
C0935,2021-11-22 14:39:10.761681,Male,East
C0936,2025-09-03 14:39:10.761681,Male,South
C0937,2024-04-17 14:39:10.761681,Male,East
C0938,2021-05-21 14:39:10.761681,Male,East
C0939,2025-01-18 14:39:10.761681,Female,North
C0940,2022-12-06 14:39:10.761681,Female,West
C0941,2025-09-13 14:39:10.761681,Male,North
C0942,2021-02-06 14:39:10.761681,Male,North
C0943,2022-09-16 14:39:10.761681,Male,North
C0944,2022-11-10 14:39:10.761681,Male,East
C0945,2021-05-05 14:39:10.761681,Female,North
C0946,2024-11-04 14:39:10.761681,Male,North
C0947,2022-01-20 14:39:10.761681,Female,West
C0948,2025-02-26 14:39:10.761681,Male,West
C0949,2024-08-14 14:39:10.761681,Female,North
C0950,2024-11-10 14:39:10.761681,Male,West
C0951,2024-03-12 14:39:10.761681,Male,West
C0952,2025-07-03 14:39:10.761681,Female,North
C0953,2024-01-03 14:39:10.761681,Male,East
C0954,2023-08-02 14:39:10.761681,Male,North
C0955,2021-07-13 14:39:10.761681,Male,West
C0956,2025-06-30 14:39:10.761681,Female,East
C0957,2023-09-21 14:39:10.761681,Male,South
C0958,2021-12-13 14:39:10.761681,Male,East
C0959,2024-07-23 14:39:10.761681,Female,West
C0960,2022-04-25 14:39:10.761681,Female,East
C0961,2021-11-29 14:39:10.761681,Female,North
C0962,2023-09-14 14:39:10.761681,Male,South
C0963,2021-03-12 14:39:10.761681,Male,South
C0964,2024-02-17 14:39:10.761681,Male,South
C0965,2025-02-19 14:39:10.761681,Female,West
C0966,2026-01-08 14:39:10.761681,Male,West
C0967,2024-12-14 14:39:10.761681,Male,South
C0968,2024-05-15 14:39:10.761681,Female,East
C0969,2024-12-05 14:39:10.761681,Female,South
C0970,2025-10-10 14:39:10.761681,Female,East
C0971,2024-11-21 14:39:10.761681,Female,East
C0972,2022-08-17 14:39:10.761681,Female,West
C0973,2023-07-15 14:39:10.761681,Male,East
C0974,2021-06-25 14:39:10.761681,Female,South
C0975,2023-07-11 14:39:10.761681,Male,West
C0976,2024-03-22 14:39:10.761681,Male,North
C0977,2024-08-28 14:39:10.761681,Female,North
C0978,2023-01-31 14:39:10.761681,Female,West
C0979,2024-07-02 14:39:10.761681,Female,South
C0980,2023-12-21 14:39:10.761681,Male,North
C0981,2022-07-10 14:39:10.761681,Female,North
C0982,2026-01-16 14:39:10.761681,Female,East
C0983,2021-02-14 14:39:10.761681,Female,East
C0984,2023-10-16 14:39:10.761681,Female,South
C0985,2022-02-17 14:39:10.761681,Female,West
C0986,2025-08-19 14:39:10.761681,Male,South
C0987,2025-08-23 14:39:10.761681,Male,West
C0988,2022-12-18 14:39:10.761681,Male,North
C0989,2022-09-11 14:39:10.761681,Female,East
C0990,2021-07-06 14:39:10.761681,Female,South
C0991,2023-01-25 14:39:10.761681,Female,South
C0992,2024-01-13 14:39:10.761681,Male,West
C0993,2024-04-27 14:39:10.761681,Female,West
C0994,2023-06-13 14:39:10.761681,Female,South
C0995,2024-09-13 14:39:10.761681,Female,West
C0996,2025-06-27 14:39:10.761681,Male,South
C0997,2021-03-26 14:39:10.761681,Female,South
C0998,2022-11-30 14:39:10.761681,Male,South
C0999,2022-07-20 14:39:10.761681,Female,North
C1000,2025-07-29 14:39:10.761681,Male,West
